seconds_elapsed,relativeAltitude,pressure
2.0,-0.07574043151703636,995.5009328169351
2.01,-0.07692715290719829,995.5010744377349
2.0199999999999996,-0.07811387429736022,995.5012160585347
2.0299999999999994,-0.07930059568752214,995.5013576793345
2.039999999999999,-0.08048731707768407,995.5014993001344
2.049999999999999,-0.081674038467846,995.5016409209342
2.0599999999999987,-0.08286075985800792,995.5017825417339
2.0699999999999985,-0.08404748124816985,995.5019241625337
2.0799999999999983,-0.08523420263833179,995.5020657833335
2.089999999999998,-0.08642092402849372,995.5022074041333
2.099999999999998,-0.08760764541865564,995.5023490249331
2.1099999999999977,-0.08879436680881757,995.5024906457329
2.1199999999999974,-0.0899810881989795,995.5026322665327
2.1299999999999972,-0.09116780958914142,995.5027738873325
2.139999999999997,-0.09235453097930335,995.5029155081323
2.149999999999997,-0.09354125236946528,995.5030571289321
2.1599999999999966,-0.09472797375962722,995.503198749732
2.1699999999999964,-0.09591469514978913,995.5033403705318
2.179999999999996,-0.09710141653995107,995.5034819913316
2.189999999999996,-0.098288137930113,995.5036236121314
2.1999999999999957,-0.09947485932027492,995.5037652329312
2.2099999999999955,-0.10066158071043685,995.5039068537309
2.2199999999999953,-0.10184830210059878,995.5040484745307
2.229999999999995,-0.1030350234907607,995.5041900953305
2.239999999999995,-0.10422174488092263,995.5043317161303
2.2499999999999947,-0.10540846627108456,995.5044733369301
2.2599999999999945,-0.1065951876612465,995.5046149577299
2.2699999999999942,-0.10778190905140841,995.5047565785297
2.279999999999994,-0.10896863044157035,995.5048981993295
2.289999999999994,-0.11015535183173228,995.5050398201294
2.2999999999999936,-0.1113420732218942,995.5051814409292
2.3099999999999934,-0.11252879461205613,995.505323061729
2.319999999999993,-0.11371551600221806,995.5054646825288
2.329999999999993,-0.11490223739238,995.5056063033286
2.3399999999999928,-0.11608895878254191,995.5057479241284
2.3499999999999925,-0.11727568017270384,995.5058895449281
2.3599999999999923,-0.11846240156286578,995.5060311657279
2.369999999999992,-0.1196491229530277,995.5061727865277
2.379999999999992,-0.12083584434318963,995.5063144073275
2.3899999999999917,-0.12202256573335156,995.5064560281273
2.3999999999999915,-0.12320928712351348,995.5065976489271
2.4099999999999913,-0.12439600851367541,995.506739269727
2.419999999999991,-0.12558272990383734,995.5068808905268
2.429999999999991,-0.12676945129399927,995.5070225113266
2.4399999999999906,-0.1279561726841612,995.5071641321264
2.4499999999999904,-0.1291428940743231,995.5073057529262
2.45999999999999,-0.13032961546448507,995.507447373726
2.46999999999999,-0.13151633685464698,995.5075889945258
2.4799999999999898,-0.132110595703125,995.5076599121094
2.4899999999999896,-0.132110595703125,995.5076599121094
2.4999999999999893,-0.132110595703125,995.5076599121094
2.509999999999989,-0.132110595703125,995.5076599121094
2.519999999999989,-0.132110595703125,995.5076599121094
2.5299999999999887,-0.132110595703125,995.5076599121094
2.5399999999999885,-0.132110595703125,995.5076599121094
2.5499999999999883,-0.132110595703125,995.5076599121094
2.559999999999988,-0.132110595703125,995.5076599121094
2.569999999999988,-0.132110595703125,995.5076599121094
2.5799999999999876,-0.132110595703125,995.5076599121094
2.5899999999999874,-0.132110595703125,995.5076599121094
2.599999999999987,-0.132110595703125,995.5076599121094
2.609999999999987,-0.132110595703125,995.5076599121094
2.619999999999987,-0.132110595703125,995.5076599121094
2.6299999999999866,-0.132110595703125,995.5076599121094
2.6399999999999864,-0.132110595703125,995.5076599121094
2.649999999999986,-0.132110595703125,995.5076599121094
2.659999999999986,-0.132110595703125,995.5076599121094
2.6699999999999857,-0.132110595703125,995.5076599121094
2.6799999999999855,-0.132110595703125,995.5076599121094
2.6899999999999853,-0.132110595703125,995.5076599121094
2.699999999999985,-0.132110595703125,995.5076599121094
2.709999999999985,-0.132110595703125,995.5076599121094
2.7199999999999847,-0.132110595703125,995.5076599121094
2.7299999999999844,-0.132110595703125,995.5076599121094
2.7399999999999842,-0.132110595703125,995.5076599121094
2.749999999999984,-0.132110595703125,995.5076599121094
2.759999999999984,-0.132110595703125,995.5076599121094
2.7699999999999836,-0.132110595703125,995.5076599121094
2.7799999999999834,-0.132110595703125,995.5076599121094
2.789999999999983,-0.132110595703125,995.5076599121094
2.799999999999983,-0.132110595703125,995.5076599121094
2.8099999999999827,-0.132110595703125,995.5076599121094
2.8199999999999825,-0.132110595703125,995.5076599121094
2.8299999999999823,-0.132110595703125,995.5076599121094
2.839999999999982,-0.132110595703125,995.5076599121094
2.849999999999982,-0.132110595703125,995.5076599121094
2.8599999999999817,-0.132110595703125,995.5076599121094
2.8699999999999815,-0.132110595703125,995.5076599121094
2.8799999999999812,-0.132110595703125,995.5076599121094
2.889999999999981,-0.132110595703125,995.5076599121094
2.899999999999981,-0.132110595703125,995.5076599121094
2.9099999999999806,-0.132110595703125,995.5076599121094
2.9199999999999804,-0.132110595703125,995.5076599121094
2.92999999999998,-0.132110595703125,995.5076599121094
2.93999999999998,-0.132110595703125,995.5076599121094
2.9499999999999797,-0.132110595703125,995.5076599121094
2.9599999999999795,-0.132110595703125,995.5076599121094
2.9699999999999793,-0.132110595703125,995.5076599121094
2.979999999999979,-0.132110595703125,995.5076599121094
2.989999999999979,-0.132110595703125,995.5076599121094
2.9999999999999787,-0.132110595703125,995.5076599121094
3.0099999999999785,-0.132110595703125,995.5076599121094
3.0199999999999783,-0.132110595703125,995.5076599121094
3.029999999999978,-0.132110595703125,995.5076599121094
3.039999999999978,-0.132110595703125,995.5076599121094
3.0499999999999776,-0.132110595703125,995.5076599121094
3.0599999999999774,-0.132110595703125,995.5076599121094
3.069999999999977,-0.132110595703125,995.5076599121094
3.079999999999977,-0.132110595703125,995.5076599121094
3.0899999999999768,-0.132110595703125,995.5076599121094
3.0999999999999766,-0.132110595703125,995.5076599121094
3.1099999999999763,-0.132110595703125,995.5076599121094
3.119999999999976,-0.132110595703125,995.5076599121094
3.129999999999976,-0.132110595703125,995.5076599121094
3.1399999999999757,-0.132110595703125,995.5076599121094
3.1499999999999755,-0.132110595703125,995.5076599121094
3.1599999999999753,-0.132110595703125,995.5076599121094
3.169999999999975,-0.132110595703125,995.5076599121094
3.179999999999975,-0.132110595703125,995.5076599121094
3.1899999999999746,-0.132110595703125,995.5076599121094
3.1999999999999744,-0.132110595703125,995.5076599121094
3.209999999999974,-0.132110595703125,995.5076599121094
3.219999999999974,-0.132110595703125,995.5076599121094
3.229999999999974,-0.132110595703125,995.5076599121094
3.2399999999999736,-0.132110595703125,995.5076599121094
3.2499999999999734,-0.132110595703125,995.5076599121094
3.259999999999973,-0.132110595703125,995.5076599121094
3.269999999999973,-0.132110595703125,995.5076599121094
3.2799999999999727,-0.132110595703125,995.5076599121094
3.2899999999999725,-0.132110595703125,995.5076599121094
3.2999999999999723,-0.132110595703125,995.5076599121094
3.309999999999972,-0.132110595703125,995.5076599121094
3.319999999999972,-0.132110595703125,995.5076599121094
3.3299999999999716,-0.132110595703125,995.5076599121094
3.3399999999999714,-0.132110595703125,995.5076599121094
3.3499999999999712,-0.132110595703125,995.5076599121094
3.359999999999971,-0.132110595703125,995.5076599121094
3.369999999999971,-0.132110595703125,995.5076599121094
3.3799999999999706,-0.132110595703125,995.5076599121094
3.3899999999999704,-0.132110595703125,995.5076599121094
3.39999999999997,-0.132110595703125,995.5076599121094
3.40999999999997,-0.132110595703125,995.5076599121094
3.4199999999999697,-0.132110595703125,995.5076599121094
3.4299999999999695,-0.132110595703125,995.5076599121094
3.4399999999999693,-0.132110595703125,995.5076599121094
3.449999999999969,-0.132110595703125,995.5076599121094
3.459999999999969,-0.132110595703125,995.5076599121094
3.4699999999999687,-0.132110595703125,995.5076599121094
3.4799999999999685,-0.132055823324776,995.5076533868802
3.4899999999999682,-0.13184497025924952,995.5076282672009
3.499999999999968,-0.13163411719372303,995.5076031475216
3.509999999999968,-0.13142326412819655,995.5075780278423
3.5199999999999676,-0.13121241106267004,995.507552908163
3.5299999999999674,-0.13100155799714355,995.5075277884838
3.539999999999967,-0.13079070493161707,995.5075026688045
3.549999999999967,-0.13057985186609058,995.5074775491252
3.5599999999999667,-0.13036899880056407,995.5074524294458
3.5699999999999665,-0.1301581457350376,995.5074273097666
3.5799999999999663,-0.1299472926695111,995.5074021900873
3.589999999999966,-0.12973643960398462,995.507377070408
3.599999999999966,-0.12952558653845814,995.5073519507288
3.6099999999999657,-0.12931473347293163,995.5073268310495
3.6199999999999655,-0.12910388040740514,995.5073017113701
3.6299999999999653,-0.12889302734187866,995.5072765916909
3.639999999999965,-0.12868217427635217,995.5072514720116
3.649999999999965,-0.12847132121082566,995.5072263523323
3.6599999999999646,-0.12826046814529918,995.507201232653
3.6699999999999644,-0.1280496150797727,995.5071761129738
3.679999999999964,-0.1278387620142462,995.5071509932944
3.689999999999964,-0.1276279089487197,995.5071258736151
3.6999999999999638,-0.12741705588319321,995.5071007539359
3.7099999999999635,-0.12720620281766673,995.5070756342566
3.7199999999999633,-0.12699534975214025,995.5070505145773
3.729999999999963,-0.12678449668661373,995.5070253948979
3.739999999999963,-0.12657364362108725,995.5070002752187
3.7499999999999627,-0.12636279055556077,995.5069751555394
3.7599999999999625,-0.12615193749003428,995.5069500358601
3.7699999999999623,-0.12594108442450777,995.5069249161809
3.779999999999962,-0.1257302313589813,995.5068997965016
3.789999999999962,-0.1255193782934548,995.5068746768222
3.7999999999999616,-0.12530852522792832,995.506849557143
3.8099999999999614,-0.1250976721624018,995.5068244374637
3.819999999999961,-0.12488681909687534,995.5067993177844
3.829999999999961,-0.12467596603134884,995.5067741981051
3.839999999999961,-0.12446511296582236,995.5067490784259
3.8499999999999606,-0.12425425990029586,995.5067239587465
3.8599999999999604,-0.12404340683476937,995.5066988390672
3.86999999999996,-0.12383255376924288,995.506673719388
3.87999999999996,-0.12362170070371639,995.5066485997087
3.8899999999999597,-0.1234108476381899,995.5066234800294
3.8999999999999595,-0.12319999457266341,995.5065983603502
3.9099999999999593,-0.12298914150713691,995.5065732406708
3.919999999999959,-0.12277828844161043,995.5065481209915
3.929999999999959,-0.12256743537608393,995.5065230013122
3.9399999999999586,-0.12235658231055745,995.506497881633
3.9499999999999584,-0.12214572924503095,995.5064727619537
3.959999999999958,-0.12193487617950446,995.5064476422743
3.969999999999958,-0.12172402311397797,995.5064225225951
3.979999999999958,-0.12151317004845148,995.5063974029158
3.9899999999999576,-0.12130231698292498,995.5063722832365
3.9999999999999574,-0.1210914639173985,995.5063471635573
4.009999999999957,-0.12088061085187202,995.506322043878
4.019999999999957,-0.12066975778634552,995.5062969241986
4.029999999999957,-0.12045890472081902,995.5062718045193
4.0399999999999565,-0.12024805165529254,995.5062466848401
4.049999999999956,-0.12003719858976605,995.5062215651608
4.059999999999956,-0.11982634552423956,995.5061964454815
4.069999999999956,-0.11961549245871307,995.5061713258023
4.079999999999956,-0.11940463939318657,995.5061462061229
4.0899999999999554,-0.11919378632766009,995.5061210864436
4.099999999999955,-0.11898293326213359,995.5060959667643
4.109999999999955,-0.11877208019660711,995.5060708470851
4.119999999999955,-0.11856122713108061,995.5060457274058
4.129999999999955,-0.11835037406555413,995.5060206077264
4.139999999999954,-0.11813952100002763,995.5059954880472
4.149999999999954,-0.11792866793450114,995.5059703683679
4.159999999999954,-0.11771781486897465,995.5059452486886
4.169999999999954,-0.11750696180344816,995.5059201290094
4.1799999999999535,-0.11729610873792166,995.5058950093301
4.189999999999953,-0.11708525567239518,995.5058698896507
4.199999999999953,-0.11687440260686868,995.5058447699714
4.209999999999953,-0.1166635495413422,995.5058196502922
4.219999999999953,-0.11645269647581571,995.5057945306129
4.2299999999999525,-0.11624184341028922,995.5057694109336
4.239999999999952,-0.11603099034476272,995.5057442912544
4.249999999999952,-0.11582013727923623,995.505719171575
4.259999999999952,-0.11560928421370975,995.5056940518957
4.269999999999952,-0.11539843114818325,995.5056689322165
4.279999999999951,-0.11518757808265676,995.5056438125372
4.289999999999951,-0.11497672501713027,995.5056186928579
4.299999999999951,-0.11476587195160379,995.5055935731785
4.309999999999951,-0.11455501888607729,995.5055684534993
4.3199999999999505,-0.11434416582055079,995.50554333382
4.32999999999995,-0.11413331275502431,995.5055182141407
4.33999999999995,-0.11392245968949782,995.5054930944615
4.34999999999995,-0.11371160662397133,995.5054679747822
4.35999999999995,-0.11350075355844484,995.5054428551028
4.3699999999999495,-0.11328990049291834,995.5054177354236
4.379999999999949,-0.11307904742739186,995.5053926157443
4.389999999999949,-0.11286819436186536,995.505367496065
4.399999999999949,-0.11265734129633888,995.5053423763857
4.409999999999949,-0.11244648823081238,995.5053172567065
4.419999999999948,-0.1122356351652859,995.5052921370271
4.429999999999948,-0.1120247820997594,995.5052670173478
4.439999999999948,-0.11181392903423291,995.5052418976686
4.449999999999948,-0.11160307596870642,995.5052167779893
4.459999999999948,-0.11139222290317993,995.50519165831
4.469999999999947,-0.11118136983765345,995.5051665386308
4.479999999999947,-0.11090885648456304,995.5051341468481
4.489999999999947,-0.10874471232929078,995.5048786595361
4.499999999999947,-0.10658056817401852,995.5046231722241
4.5099999999999465,-0.10441642401874626,995.504367684912
4.519999999999946,-0.102252279863474,995.5041121976
4.529999999999946,-0.10008813570820176,995.5038567102879
4.539999999999946,-0.0979239915529295,995.5036012229758
4.549999999999946,-0.09575984739765724,995.5033457356637
4.559999999999945,-0.09359570324238498,995.5030902483518
4.569999999999945,-0.09143155908711272,995.5028347610397
4.579999999999945,-0.08926741493184046,995.5025792737276
4.589999999999945,-0.08710327077656821,995.5023237864156
4.599999999999945,-0.08493912662129595,995.5020682991035
4.609999999999944,-0.08277498246602369,995.5018128117915
4.619999999999944,-0.08061083831075143,995.5015573244794
4.629999999999944,-0.07844669415547917,995.5013018371674
4.639999999999944,-0.07628255000020692,995.5010463498553
4.6499999999999435,-0.07411840584493465,995.5007908625432
4.659999999999943,-0.0719542616896624,995.5005353752312
4.669999999999943,-0.06979011753439014,995.5002798879192
4.679999999999943,-0.06762597337911788,995.5000244006071
4.689999999999943,-0.06546182922384562,995.499768913295
4.6999999999999424,-0.06329768506857336,995.499513425983
4.709999999999942,-0.06113354091330111,995.4992579386709
4.719999999999942,-0.05896939675802885,995.4990024513589
4.729999999999942,-0.056805252602756595,995.4987469640469
4.739999999999942,-0.054641108447484335,995.4984914767348
4.749999999999941,-0.052476964292212075,995.4982359894227
4.759999999999941,-0.05031282013693982,995.4979805021106
4.769999999999941,-0.04814867598166757,995.4977250147986
4.779999999999941,-0.04598453182639531,995.4974695274866
4.7899999999999405,-0.04382038767112305,995.4972140401745
4.79999999999994,-0.04165624351585079,995.4969585528625
4.80999999999994,-0.03949209936057853,995.4967030655504
4.81999999999994,-0.03732795520530627,995.4964475782383
4.82999999999994,-0.03516381105003402,995.4961920909263
4.8399999999999395,-0.03299966689476176,995.4959366036143
4.849999999999939,-0.0308355227394895,995.4956811163022
4.859999999999939,-0.02867137858421724,995.4954256289901
4.869999999999939,-0.02650723442894498,995.495170141678
4.879999999999939,-0.02434309027367272,995.494914654366
4.889999999999938,-0.02217894611840046,995.494659167054
4.899999999999938,-0.020014801963128215,995.4944036797419
4.909999999999938,-0.017850657807855955,995.4941481924299
4.919999999999938,-0.015686513652583695,995.4938927051178
4.9299999999999375,-0.013522369497311434,995.4936372178057
4.939999999999937,-0.011358225342039174,995.4933817304938
4.949999999999937,-0.009194081186766914,995.4931262431817
4.959999999999937,-0.007029937031494668,995.4928707558696
4.969999999999937,-0.004865792876222408,995.4926152685575
4.9799999999999365,-0.0027016487209501477,995.4923597812455
4.989999999999936,-0.0005375045656778876,995.4921042939334
4.999999999999936,0.0016266395895943725,995.4918488066214
5.009999999999936,0.0037907837448666326,995.4915933193093
5.019999999999936,0.005954927900138879,995.4913378319973
5.029999999999935,0.007954794911205454,995.4911016595621
5.039999999999935,0.008192022735672207,995.4910727293396
5.049999999999935,0.00842925056013896,995.491043799117
5.059999999999935,0.008666478384605714,995.4910148688946
5.069999999999935,0.008903706209072467,995.4909859386721
5.079999999999934,0.00914093403353922,995.4909570084496
5.089999999999934,0.009378161858005971,995.4909280782272
5.099999999999934,0.009615389682472724,995.4908991480046
5.109999999999934,0.009852617506939478,995.4908702177821
5.1199999999999335,0.01008984533140623,995.4908412875596
5.129999999999933,0.010327073155872984,995.4908123573372
5.139999999999933,0.010564300980339737,995.4907834271146
5.149999999999933,0.01080152880480649,995.4907544968921
5.159999999999933,0.011038756629273243,995.4907255666697
5.169999999999932,0.011275984453739996,995.4906966364472
5.179999999999932,0.01151321227820675,995.4906677062247
5.189999999999932,0.011750440102673503,995.4906387760021
5.199999999999932,0.011987667927140254,995.4906098457797
5.209999999999932,0.012224895751607009,995.4905809155572
5.219999999999931,0.01246212357607376,995.4905519853347
5.229999999999931,0.012699351400540515,995.4905230551121
5.239999999999931,0.012936579225007266,995.4904941248897
5.249999999999931,0.01317380704947402,995.4904651946672
5.2599999999999305,0.013411034873940773,995.4904362644447
5.26999999999993,0.013648262698407526,995.4904073342223
5.27999999999993,0.013885490522874279,995.4903784039997
5.28999999999993,0.014122718347341032,995.4903494737772
5.29999999999993,0.014359946171807785,995.4903205435547
5.309999999999929,0.014597173996274537,995.4902916133323
5.319999999999929,0.014834401820741291,995.4902626831098
5.329999999999929,0.015071629645208043,995.4902337528872
5.339999999999929,0.015308857469674798,995.4902048226647
5.349999999999929,0.015546085294141549,995.4901758924423
5.359999999999928,0.015783313118608304,995.4901469622198
5.369999999999928,0.016020540943075055,995.4901180319972
5.379999999999928,0.016257768767541807,995.4900891017747
5.389999999999928,0.01649499659200856,995.4900601715523
5.3999999999999275,0.016732224416475316,995.4900312413298
5.409999999999927,0.016969452240942068,995.4900023111073
5.419999999999927,0.01720668006540882,995.4899733808847
5.429999999999927,0.017443907889875574,995.4899444506623
5.439999999999927,0.01768113571434233,995.4899155204398
5.4499999999999265,0.01791836353880908,995.4898865902173
5.459999999999926,0.01815559136327583,995.4898576599948
5.469999999999926,0.018392819187742587,995.4898287297723
5.479999999999926,0.018630047012209338,995.4897997995498
5.489999999999926,0.018867274836676093,995.4897708693273
5.499999999999925,0.019104502661142844,995.4897419391049
5.509999999999925,0.019341730485609596,995.4897130088823
5.519999999999925,0.01957895831007635,995.4896840786598
5.529999999999925,0.019816186134543105,995.4896551484374
5.5399999999999245,0.020053413959009857,995.4896262182149
5.549999999999924,0.020290641783476608,995.4895972879924
5.559999999999924,0.020527869607943363,995.4895683577698
5.569999999999924,0.020765097432410118,995.4895394275474
5.579999999999924,0.02100232525687687,995.4895104973249
5.5899999999999235,0.02123955308134362,995.4894815671024
5.599999999999923,0.021476780905810375,995.4894526368798
5.609999999999923,0.021714008730277127,995.4894237066574
5.619999999999923,0.021951236554743882,995.4893947764349
5.629999999999923,0.022188464379210633,995.4893658462124
5.639999999999922,0.022425692203677385,995.48933691599
5.649999999999922,0.02266292002814414,995.4893079857674
5.659999999999922,0.022900147852610894,995.4892790555449
5.669999999999922,0.023137375677077646,995.4892501253224
5.679999999999922,0.023374603501544397,995.4892211951
5.689999999999921,0.023611831326011152,995.4891922648774
5.699999999999921,0.023849059150477903,995.4891633346549
5.709999999999921,0.024086286974944658,995.4891344044324
5.719999999999921,0.02432351479941141,995.48910547421
5.7299999999999205,0.024560742623878164,995.4890765439875
5.73999999999992,0.024797970448344916,995.4890476137649
5.74999999999992,0.02503519827281167,995.4890186835424
5.75999999999992,0.025272426097278422,995.48898975332
5.76999999999992,0.025509653921745177,995.4889608230975
5.779999999999919,0.02574688174621193,995.488931892875
5.789999999999919,0.025984109570678683,995.4889029626524
5.799999999999919,0.026221337395145435,995.48887403243
5.809999999999919,0.026458565219612186,995.4888451022075
5.819999999999919,0.02669579304407894,995.488816171985
5.829999999999918,0.026933020868545692,995.4887872417625
5.839999999999918,0.027170248693012447,995.48875831154
5.849999999999918,0.0274074765174792,995.4887293813175
5.859999999999918,0.027644704341945953,995.488700451095
5.8699999999999175,0.027881932166412705,995.4886715208726
5.879999999999917,0.02811915999087946,995.48864259065
5.889999999999917,0.02835638781534621,995.4886136604275
5.899999999999917,0.028593615639812966,995.488584730205
5.909999999999917,0.028830843464279717,995.4885557999826
5.919999999999916,0.029068071288746472,995.48852686976
5.929999999999916,0.029305299113213223,995.4884979395375
5.939999999999916,0.02954252693767998,995.488469009315
5.949999999999916,0.02977975476214673,995.4884400790926
5.959999999999916,0.03001698258661348,995.4884111488701
5.969999999999915,0.030254210411080236,995.4883822186475
5.979999999999915,0.030491438235546987,995.4883532884251
5.989999999999915,0.030728666060013742,995.4883243582026
5.999999999999915,0.030965893884480494,995.4882954279801
6.0099999999999145,0.03120312170894725,995.4882664977576
6.019999999999914,0.031440349533414,995.4882375675351
6.029999999999914,0.03167757735788075,995.4882086373126
6.039999999999914,0.03230601838650569,995.488135870456
6.049999999999914,0.03299149766119279,995.4880567122897
6.0599999999999135,0.03367697693587989,995.4879775541234
6.069999999999913,0.034362456210567,995.487898395957
6.079999999999913,0.0350479354852541,995.4878192377907
6.089999999999913,0.035733414759941205,995.4877400796245
6.099999999999913,0.03641889403462831,995.4876609214582
6.109999999999912,0.03710437330931542,995.4875817632918
6.119999999999912,0.03778985258400252,995.4875026051255
6.129999999999912,0.03847533185868962,995.4874234469593
6.139999999999912,0.03916081113337673,995.487344288793
6.1499999999999115,0.03984629040806383,995.4872651306267
6.159999999999911,0.040531769682750934,995.4871859724603
6.169999999999911,0.04121724895743804,995.4871068142941
6.179999999999911,0.04190272823212514,995.4870276561278
6.189999999999911,0.04258820750681225,995.4869484979615
6.1999999999999105,0.04327368678149935,995.4868693397951
6.20999999999991,0.04395916605618645,995.4867901816289
6.21999999999991,0.04464464533087356,995.4867110234626
6.22999999999991,0.045330124605560664,995.4866318652963
6.23999999999991,0.046015603880247766,995.4865527071299
6.249999999999909,0.04670108315493487,995.4864735489637
6.259999999999909,0.04738656242962197,995.4863943907974
6.269999999999909,0.04807204170430908,995.4863152326311
6.279999999999909,0.04875752097899618,995.4862360744648
6.2899999999999086,0.049443000253683284,995.4861569162985
6.299999999999908,0.05012847952837039,995.4860777581322
6.309999999999908,0.050813958803057495,995.4859985999659
6.319999999999908,0.0514994380777446,995.4859194417996
6.329999999999908,0.052184917352431706,995.4858402836333
6.3399999999999075,0.0528703966271188,995.485761125467
6.349999999999907,0.05355587590180591,995.4856819673007
6.359999999999907,0.05424135517649301,995.4856028091344
6.369999999999907,0.054926834451180115,995.485523650968
6.379999999999907,0.055612313725867224,995.4854444928018
6.389999999999906,0.056297793000554326,995.4853653346355
6.399999999999906,0.05698327227524143,995.4852861764692
6.409999999999906,0.05766875154992854,995.485207018303
6.419999999999906,0.05835423082461563,995.4851278601366
6.429999999999906,0.05903971009930274,995.4850487019703
6.439999999999905,0.059725189373989844,995.484969543804
6.449999999999905,0.060410668648676946,995.4848903856378
6.459999999999905,0.061096147923364055,995.4848112274714
6.469999999999905,0.06178162719805116,995.4847320693051
6.4799999999999045,0.06246710647273826,995.4846529111388
6.489999999999904,0.06315258574742535,995.4845737529726
6.499999999999904,0.06383806502211248,995.4844945948062
6.509999999999904,0.06452354429679957,995.4844154366399
6.519999999999904,0.06520902357148667,995.4843362784736
6.529999999999903,0.06589450284617378,995.4842571203073
6.539999999999903,0.06657998212086089,995.4841779621411
6.549999999999903,0.06726546139554798,995.4840988039747
6.559999999999903,0.06795094067023509,995.4840196458084
6.569999999999903,0.0686364199449222,995.4839404876421
6.579999999999902,0.0693218992196093,995.4838613294759
6.589999999999902,0.0700073784942964,995.4837821713095
6.599999999999902,0.07069285776898351,995.4837030131432
6.609999999999902,0.07137833704367061,995.4836238549769
6.6199999999999015,0.07206381631835772,995.4835446968107
6.629999999999901,0.07274929559304483,995.4834655386443
6.639999999999901,0.07343477486773192,995.483386380478
6.649999999999901,0.07412025414241902,995.4833072223117
6.659999999999901,0.07480573341710614,995.4832280641455
6.6699999999999005,0.07549121269179324,995.4831489059792
6.6799999999999,0.07617669196648033,995.4830697478128
6.6899999999999,0.07686217124116744,995.4829905896465
6.6999999999999,0.07754765051585455,995.4829114314803
6.7099999999999,0.07823312979054164,995.482832273314
6.719999999999899,0.07891860906522875,995.4827531151476
6.729999999999899,0.07960408833991586,995.4826739569813
6.739999999999899,0.08028956761460296,995.4825947988151
6.749999999999899,0.08097504688929007,995.4825156406488
6.7599999999998985,0.08166052616397718,995.4824364824825
6.769999999999898,0.08234600543866427,995.4823573243161
6.779999999999898,0.08303148471335138,995.4822781661499
6.789999999999898,0.08371696398803849,995.4821990079836
6.799999999999898,0.08440244326272558,995.4821198498173
6.8099999999998975,0.0850879225374127,995.4820406916509
6.819999999999897,0.0857734018120998,995.4819615334847
6.829999999999897,0.0864588810867869,995.4818823753184
6.839999999999897,0.087144360361474,995.4818032171521
6.849999999999897,0.08782983963616112,995.4817240589857
6.859999999999896,0.08851531891084821,995.4816449008194
6.869999999999896,0.08920079818553531,995.4815657426532
6.879999999999896,0.08988627746022242,995.4814865844869
6.889999999999896,0.09057175673490953,995.4814074263206
6.8999999999998956,0.09125723600959662,995.4813282681542
6.909999999999895,0.09194271528428373,995.481249109988
6.919999999999895,0.09262819455897084,995.4811699518217
6.929999999999895,0.09331367383365793,995.4810907936554
6.939999999999895,0.09399915310834504,995.481011635489
6.9499999999998945,0.09468463238303215,995.4809324773228
6.959999999999894,0.09537011165771925,995.4808533191565
6.969999999999894,0.09605559093240636,995.4807741609902
6.979999999999894,0.09674107020709345,995.4806950028238
6.989999999999894,0.09742654948178056,995.4806158446576
6.999999999999893,0.09811202875646767,995.4805366864913
7.009999999999893,0.09879750803115477,995.480457528325
7.019999999999893,0.09948298730584187,995.4803783701587
7.029999999999893,0.10016846658052898,995.4802992119924
7.039999999999893,0.10058570996087186,995.4802485981589
7.049999999999892,0.10084932845255619,995.4802143323238
7.059999999999892,0.10111294694424051,995.4801800664886
7.069999999999892,0.10137656543592485,995.4801458006535
7.079999999999892,0.10164018392760918,995.4801115348183
7.0899999999998915,0.10190380241929352,995.4800772689832
7.099999999999891,0.10216742091097784,995.4800430031481
7.109999999999891,0.10243103940266217,995.4800087373129
7.119999999999891,0.10269465789434651,995.4799744714778
7.129999999999891,0.10295827638603083,995.4799402056427
7.13999999999989,0.10322189487771517,995.4799059398075
7.14999999999989,0.1034855133693995,995.4798716739724
7.15999999999989,0.10374913186108384,995.4798374081372
7.16999999999989,0.10401275035276816,995.4798031423021
7.17999999999989,0.10427636884445249,995.479768876467
7.189999999999889,0.10453998733613683,995.4797346106318
7.199999999999889,0.10480360582782115,995.4797003447967
7.209999999999889,0.10506722431950549,995.4796660789616
7.219999999999889,0.10533084281118982,995.4796318131264
7.2299999999998885,0.10559446130287414,995.4795975472913
7.239999999999888,0.10585807979455848,995.4795632814561
7.249999999999888,0.10612169828624281,995.479529015621
7.259999999999888,0.10638531677792715,995.4794947497859
7.269999999999888,0.10664893526961147,995.4794604839507
7.2799999999998875,0.1069125537612958,995.4794262181156
7.289999999999887,0.10717617225298014,995.4793919522805
7.299999999999887,0.10743979074466446,995.4793576864453
7.309999999999887,0.1077034092363488,995.4793234206102
7.319999999999887,0.10796702772803313,995.479289154775
7.329999999999886,0.10823064621971745,995.4792548889399
7.339999999999886,0.10849426471140179,995.4792206231048
7.349999999999886,0.10875788320308612,995.4791863572696
7.359999999999886,0.10902150169477046,995.4791520914345
7.3699999999998855,0.10928512018645478,995.4791178255994
7.379999999999885,0.10954873867813912,995.4790835597641
7.389999999999885,0.10981235716982345,995.479049293929
7.399999999999885,0.11007597566150777,995.4790150280938
7.409999999999885,0.11033959415319211,995.4789807622587
7.4199999999998845,0.11060321264487644,995.4789464964236
7.429999999999884,0.11086683113656078,995.4789122305884
7.439999999999884,0.1111304496282451,995.4788779647533
7.449999999999884,0.11139406811992944,995.4788436989182
7.459999999999884,0.11165768661161377,995.478809433083
7.469999999999883,0.11192130510329809,995.4787751672479
7.479999999999883,0.11218492359498243,995.4787409014127
7.489999999999883,0.11244854208666676,995.4787066355776
7.499999999999883,0.1127121605783511,995.4786723697425
7.5099999999998825,0.11297577907003542,995.4786381039073
7.519999999999882,0.11323939756171975,995.4786038380722
7.529999999999882,0.11350301605340408,995.4785695722371
7.539999999999882,0.11376663454508841,995.4785353064019
7.549999999999882,0.11403025303677275,995.4785010405668
7.5599999999998815,0.11429387152845707,995.4784667747316
7.569999999999881,0.1145574900201414,995.4784325088965
7.579999999999881,0.11482110851182574,995.4783982430614
7.589999999999881,0.11508472700351007,995.4783639772262
7.599999999999881,0.1153483454951944,995.4783297113911
7.60999999999988,0.11561196398687873,995.478295445556
7.61999999999988,0.11587558247856306,995.4782611797208
7.62999999999988,0.1161392009702474,995.4782269138857
7.63999999999988,0.11640281946193172,995.4781926480506
7.64999999999988,0.11666643795361606,995.4781583822154
7.659999999999879,0.11693005644530038,995.4781241163803
7.669999999999879,0.11719367493698471,995.4780898505451
7.679999999999879,0.11745729342866905,995.47805558471
7.689999999999879,0.11772091192035337,995.4780213188749
7.6999999999998785,0.11798453041203771,995.4779870530397
7.709999999999878,0.11824814890372204,995.4779527872046
7.719999999999878,0.11851176739540636,995.4779185213695
7.729999999999878,0.1187753858870907,995.4778842555343
7.739999999999878,0.11903900437877504,995.4778499896992
7.749999999999877,0.11930262287045937,995.477815723864
7.759999999999877,0.1195662413621437,995.4777814580289
7.769999999999877,0.11982985985382803,995.4777471921938
7.779999999999877,0.12009347834551236,995.4777129263585
7.789999999999877,0.1203570968371967,995.4776786605235
7.799999999999876,0.12062071532888102,995.4776443946884
7.809999999999876,0.12088433382056535,995.4776101288531
7.819999999999876,0.12114795231224969,995.477575863018
7.829999999999876,0.12141157080393401,995.4775415971828
7.8399999999998755,0.12167518929561835,995.4775073313477
7.849999999999875,0.12193880778730268,995.4774730655126
7.859999999999875,0.122202426278987,995.4774387996774
7.869999999999875,0.12246604477067134,995.4774045338423
7.879999999999875,0.12272966326235567,995.4773702680072
7.8899999999998744,0.12299328175404001,995.477336002172
7.899999999999874,0.12325690024572433,995.4773017363369
7.909999999999874,0.12352051873740866,995.4772674705017
7.919999999999874,0.123784137229093,995.4772332046666
7.929999999999874,0.12404775572077732,995.4771989388315
7.939999999999873,0.12431137421246166,995.4771646729963
7.949999999999873,0.12457499270414599,995.4771304071612
7.959999999999873,0.12483861119583031,995.4770961413261
7.969999999999873,0.12510222968751467,995.4770618754909
7.9799999999998725,0.125365848179199,995.4770276096558
7.989999999999872,0.12562946667088332,995.4769933438206
