,seconds_elapsed,bpm
0,0.0,88.4686044921875
1,0.01,88.4586044921875
2,0.02,88.4486044921875
3,0.03,88.4386044921875
4,0.04,88.4286044921875
5,0.05,88.4186044921875
6,0.06,88.4086044921875
7,0.07,88.3986044921875
8,0.08,88.3886044921875
9,0.09,88.3786044921875
10,0.1,88.3686044921875
11,0.11,88.3586044921875
12,0.12,88.3486044921875
13,0.13,88.3386044921875
14,0.14,88.3286044921875
15,0.15,88.3186044921875
16,0.16,88.3086044921875
17,0.17,88.2986044921875
18,0.18,88.2886044921875
19,0.19,88.2786044921875
20,0.2,88.2686044921875
21,0.21,88.2586044921875
22,0.22,88.2486044921875
23,0.23,88.2386044921875
24,0.24,88.2286044921875
25,0.25,88.2186044921875
26,0.26,88.2086044921875
27,0.27,88.1986044921875
28,0.28,88.1886044921875
29,0.29,88.1786044921875
30,0.3,88.1686044921875
31,0.31,88.1586044921875
32,0.32,88.1486044921875
33,0.33,88.1386044921875
34,0.34,88.1286044921875
35,0.35000000000000003,88.1186044921875
36,0.36,88.1086044921875
37,0.37,88.0986044921875
38,0.38,88.0886044921875
39,0.39,88.0786044921875
40,0.4,88.0686044921875
41,0.41000000000000003,88.0586044921875
42,0.42,88.0486044921875
43,0.43,88.0386044921875
44,0.44,88.0286044921875
45,0.45,88.0186044921875
46,0.46,88.0086044921875
47,0.47000000000000003,87.9986044921875
48,0.48,87.9886044921875
49,0.49,87.9786044921875
50,0.5,87.9686044921875
51,0.51,87.9586044921875
52,0.52,87.9486044921875
53,0.53,87.9386044921875
54,0.54,87.9286044921875
55,0.55,87.9186044921875
56,0.56,87.9086044921875
57,0.5700000000000001,87.8986044921875
58,0.58,87.8886044921875
59,0.59,87.8786044921875
60,0.6,87.8686044921875
61,0.61,87.8586044921875
62,0.62,87.8486044921875
63,0.63,87.8386044921875
64,0.64,87.8286044921875
65,0.65,87.8186044921875
66,0.66,87.8086044921875
67,0.67,87.7986044921875
68,0.68,87.7886044921875
69,0.6900000000000001,87.7786044921875
70,0.7000000000000001,87.7686044921875
71,0.71,87.7586044921875
72,0.72,87.7486044921875
73,0.73,87.7386044921875
74,0.74,87.7286044921875
75,0.75,87.7186044921875
76,0.76,87.7086044921875
77,0.77,87.6986044921875
78,0.78,87.6886044921875
79,0.79,87.6786044921875
80,0.8,87.6686044921875
81,0.81,87.6586044921875
82,0.8200000000000001,87.6486044921875
83,0.8300000000000001,87.6386044921875
84,0.84,87.6286044921875
85,0.85,87.6186044921875
86,0.86,87.6086044921875
87,0.87,87.5986044921875
88,0.88,87.5886044921875
89,0.89,87.5786044921875
90,0.9,87.5686044921875
91,0.91,87.5586044921875
92,0.92,87.5486044921875
93,0.93,87.5386044921875
94,0.9400000000000001,87.5286044921875
95,0.9500000000000001,87.5186044921875
96,0.96,87.5086044921875
97,0.97,87.4986044921875
98,0.98,87.4886044921875
99,0.99,87.4786044921875
100,1.0,87.4686044921875
101,1.01,87.4586044921875
102,1.02,87.4486044921875
103,1.03,87.4386044921875
104,1.04,87.4286044921875
105,1.05,87.4186044921875
106,1.06,87.4086044921875
107,1.07,87.3986044921875
108,1.08,87.3886044921875
109,1.09,87.3786044921875
110,1.1,87.3686044921875
111,1.11,87.3586044921875
112,1.12,87.3486044921875
113,1.1300000000000001,87.3386044921875
114,1.1400000000000001,87.3286044921875
115,1.1500000000000001,87.3186044921875
116,1.16,87.3086044921875
117,1.17,87.2986044921875
118,1.18,87.2886044921875
119,1.19,87.2786044921875
120,1.2,87.2686044921875
121,1.21,87.2586044921875
122,1.22,87.2486044921875
123,1.23,87.2386044921875
124,1.24,87.2286044921875
125,1.25,87.2186044921875
126,1.26,87.2086044921875
127,1.27,87.1986044921875
128,1.28,87.1886044921875
129,1.29,87.1786044921875
130,1.3,87.1686044921875
131,1.31,87.1586044921875
132,1.32,87.1486044921875
133,1.33,87.1386044921875
134,1.34,87.1286044921875
135,1.35,87.1186044921875
136,1.36,87.1086044921875
137,1.37,87.0986044921875
138,1.3800000000000001,87.0886044921875
139,1.3900000000000001,87.0786044921875
140,1.4000000000000001,87.0686044921875
141,1.41,87.0586044921875
142,1.42,87.0486044921875
143,1.43,87.0386044921875
144,1.44,87.0286044921875
145,1.45,87.0186044921875
146,1.46,87.0086044921875
147,1.47,86.9986044921875
148,1.48,86.9886044921875
149,1.49,86.9786044921875
150,1.5,86.9686044921875
151,1.51,86.9586044921875
152,1.52,86.9486044921875
153,1.53,86.9386044921875
154,1.54,86.9286044921875
155,1.55,86.9186044921875
156,1.56,86.9086044921875
157,1.57,86.8986044921875
158,1.58,86.8886044921875
159,1.59,86.8786044921875
160,1.6,86.8686044921875
161,1.61,86.8586044921875
162,1.62,86.8486044921875
163,1.6300000000000001,86.8386044921875
164,1.6400000000000001,86.8286044921875
165,1.6500000000000001,86.8186044921875
166,1.6600000000000001,86.8086044921875
167,1.67,86.7986044921875
168,1.68,86.7886044921875
169,1.69,86.7786044921875
170,1.7,86.7686044921875
171,1.71,86.7586044921875
172,1.72,86.7486044921875
173,1.73,86.7386044921875
174,1.74,86.7286044921875
175,1.75,86.7186044921875
176,1.76,86.7086044921875
177,1.77,86.6986044921875
178,1.78,86.6886044921875
179,1.79,86.6786044921875
180,1.8,86.6686044921875
181,1.81,86.6586044921875
182,1.82,86.6486044921875
183,1.83,86.6386044921875
184,1.84,86.6286044921875
185,1.85,86.6186044921875
186,1.86,86.6086044921875
187,1.87,86.5986044921875
188,1.8800000000000001,86.5886044921875
189,1.8900000000000001,86.5786044921875
190,1.9000000000000001,86.5686044921875
191,1.9100000000000001,86.5586044921875
192,1.92,86.5486044921875
193,1.93,86.5386044921875
194,1.94,86.5286044921875
195,1.95,86.5186044921875
196,1.96,86.5086044921875
197,1.97,86.4986044921875
198,1.98,86.4886044921875
199,1.99,86.4786044921875
200,2.0,86.4686044921875
201,2.0100000000000002,86.4586044921875
202,2.02,86.4486044921875
203,2.0300000000000002,86.4386044921875
204,2.04,86.4286044921875
205,2.05,86.4186044921875
206,2.06,86.4086044921875
207,2.07,86.3986044921875
208,2.08,86.3886044921875
209,2.09,86.3786044921875
210,2.1,86.3686044921875
211,2.11,86.3586044921875
212,2.12,86.3486044921875
213,2.13,86.3386044921875
214,2.14,86.3286044921875
215,2.15,86.3186044921875
216,2.16,86.3086044921875
217,2.17,86.2986044921875
218,2.18,86.2886044921875
219,2.19,86.2786044921875
220,2.2,86.2686044921875
221,2.21,86.2586044921875
222,2.22,86.2486044921875
223,2.23,86.2386044921875
224,2.24,86.2286044921875
225,2.25,86.2186044921875
226,2.2600000000000002,86.2086044921875
227,2.27,86.1986044921875
228,2.2800000000000002,86.1886044921875
229,2.29,86.1786044921875
230,2.3000000000000003,86.1686044921875
231,2.31,86.1586044921875
232,2.32,86.1486044921875
233,2.33,86.1386044921875
234,2.34,86.1286044921875
235,2.35,86.1186044921875
236,2.36,86.1086044921875
237,2.37,86.0986044921875
238,2.38,86.0886044921875
239,2.39,86.0786044921875
240,2.4,86.0686044921875
241,2.41,86.0586044921875
242,2.42,86.0486044921875
243,2.43,86.0386044921875
244,2.44,86.0286044921875
245,2.45,86.0186044921875
246,2.46,86.0086044921875
247,2.47,85.9986044921875
248,2.48,85.9886044921875
249,2.49,85.9786044921875
250,2.5,85.9686044921875
251,2.5100000000000002,85.9586044921875
252,2.52,85.9486044921875
253,2.5300000000000002,85.9386044921875
254,2.54,85.9286044921875
255,2.5500000000000003,85.9186044921875
256,2.56,85.9086044921875
257,2.57,85.8986044921875
258,2.58,85.8886044921875
259,2.59,85.8786044921875
260,2.6,85.8686044921875
261,2.61,85.8586044921875
262,2.62,85.8486044921875
263,2.63,85.8386044921875
264,2.64,85.8286044921875
265,2.65,85.8186044921875
266,2.66,85.8086044921875
267,2.67,85.7986044921875
268,2.68,85.7886044921875
269,2.69,85.7786044921875
270,2.7,85.7686044921875
271,2.71,85.7586044921875
272,2.72,85.7486044921875
273,2.73,85.7386044921875
274,2.74,85.7286044921875
275,2.75,85.7186044921875
276,2.7600000000000002,85.7086044921875
277,2.77,85.6986044921875
278,2.7800000000000002,85.6886044921875
279,2.79,85.6786044921875
280,2.8000000000000003,85.6686044921875
281,2.81,85.6586044921875
282,2.82,85.6486044921875
283,2.83,85.6386044921875
284,2.84,85.6286044921875
285,2.85,85.6186044921875
286,2.86,85.6086044921875
287,2.87,85.5986044921875
288,2.88,85.5886044921875
289,2.89,85.5786044921875
290,2.9,85.5686044921875
291,2.91,85.5586044921875
292,2.92,85.5486044921875
293,2.93,85.5386044921875
294,2.94,85.5286044921875
295,2.95,85.5186044921875
296,2.96,85.5086044921875
297,2.97,85.4986044921875
298,2.98,85.4886044921875
299,2.99,85.4786044921875
300,3.0,85.4686044921875
301,3.0100000000000002,85.4586044921875
302,3.02,85.4486044921875
303,3.0300000000000002,85.4386044921875
304,3.04,85.4286044921875
305,3.0500000000000003,85.4186044921875
306,3.06,85.4086044921875
307,3.0700000000000003,85.3986044921875
308,3.08,85.3886044921875
309,3.09,85.3786044921875
310,3.1,85.3686044921875
311,3.11,85.3586044921875
312,3.12,85.3486044921875
313,3.13,85.3386044921875
314,3.14,85.3286044921875
315,3.15,85.3186044921875
316,3.16,85.3086044921875
317,3.17,85.2986044921875
318,3.18,85.2886044921875
319,3.19,85.2786044921875
320,3.2,85.2686044921875
321,3.21,85.2586044921875
322,3.22,85.2486044921875
323,3.23,85.2386044921875
324,3.24,85.2286044921875
325,3.25,85.2186044921875
326,3.2600000000000002,85.2086044921875
327,3.27,85.1986044921875
328,3.2800000000000002,85.1886044921875
329,3.29,85.1786044921875
330,3.3000000000000003,85.1686044921875
331,3.31,85.1586044921875
332,3.3200000000000003,85.1486044921875
333,3.33,85.1386044921875
334,3.34,85.1286044921875
335,3.35,85.1186044921875
336,3.36,85.1086044921875
337,3.37,85.0986044921875
338,3.38,85.0886044921875
339,3.39,85.0786044921875
340,3.4,85.0686044921875
341,3.41,85.0586044921875
342,3.42,85.0486044921875
343,3.43,85.0386044921875
344,3.44,85.0286044921875
345,3.45,85.0186044921875
346,3.46,85.0086044921875
347,3.47,84.9986044921875
348,3.48,84.9886044921875
349,3.49,84.9786044921875
350,3.5,84.9686044921875
351,3.5100000000000002,84.9586044921875
352,3.52,84.9486044921875
353,3.5300000000000002,84.9386044921875
354,3.54,84.9286044921875
355,3.5500000000000003,84.9186044921875
356,3.56,84.9086044921875
357,3.5700000000000003,84.8986044921875
358,3.58,84.8886044921875
359,3.59,84.8786044921875
360,3.6,84.8686044921875
361,3.61,84.8586044921875
362,3.62,84.8486044921875
363,3.63,84.8386044921875
364,3.64,84.8286044921875
365,3.65,84.8186044921875
366,3.66,84.8086044921875
367,3.67,84.7986044921875
368,3.68,84.7886044921875
369,3.69,84.7786044921875
370,3.7,84.7686044921875
371,3.71,84.7586044921875
372,3.72,84.7486044921875
373,3.73,84.7386044921875
374,3.74,84.7286044921875
375,3.75,84.7186044921875
376,3.7600000000000002,84.7086044921875
377,3.77,84.6986044921875
378,3.7800000000000002,84.6886044921875
379,3.79,84.6786044921875
380,3.8000000000000003,84.6686044921875
381,3.81,84.6586044921875
382,3.8200000000000003,84.6486044921875
383,3.83,84.6386044921875
384,3.84,84.6286044921875
385,3.85,84.6186044921875
386,3.86,84.6086044921875
387,3.87,84.5986044921875
388,3.88,84.5886044921875
389,3.89,84.5786044921875
390,3.9,84.5686044921875
391,3.91,84.5586044921875
392,3.92,84.5486044921875
393,3.93,84.5386044921875
394,3.94,84.5286044921875
395,3.95,84.5186044921875
396,3.96,84.5086044921875
397,3.97,84.4986044921875
398,3.98,84.4886044921875
399,3.99,84.4786044921875
400,4.0,84.4686044921875
401,4.01,84.4586044921875
402,4.0200000000000005,84.4486044921875
403,4.03,84.4386044921875
404,4.04,84.4286044921875
405,4.05,84.4186044921875
406,4.0600000000000005,84.4086044921875
407,4.07,84.3986044921875
408,4.08,84.3886044921875
409,4.09,84.3786044921875
410,4.1,84.3686044921875
411,4.11,84.3586044921875
412,4.12,84.3486044921875
413,4.13,84.3386044921875
414,4.14,84.3286044921875
415,4.15,84.3186044921875
416,4.16,84.3086044921875
417,4.17,84.2986044921875
418,4.18,84.2886044921875
419,4.19,84.2786044921875
420,4.2,84.2686044921875
421,4.21,84.2586044921875
422,4.22,84.2486044921875
423,4.23,84.2386044921875
424,4.24,84.2286044921875
425,4.25,84.2186044921875
426,4.26,84.2086044921875
427,4.2700000000000005,84.1986044921875
428,4.28,84.1886044921875
429,4.29,84.1786044921875
430,4.3,84.1686044921875
431,4.3100000000000005,84.1586044921875
432,4.32,84.1486044921875
433,4.33,84.1386044921875
434,4.34,84.1286044921875
435,4.3500000000000005,84.1186044921875
436,4.36,84.1086044921875
437,4.37,84.0986044921875
438,4.38,84.0886044921875
439,4.39,84.0786044921875
440,4.4,84.0686044921875
441,4.41,84.0586044921875
442,4.42,84.0486044921875
443,4.43,84.0386044921875
444,4.44,84.0286044921875
445,4.45,84.0186044921875
446,4.46,84.0086044921875
447,4.47,83.9986044921875
448,4.48,83.9886044921875
449,4.49,83.9786044921875
450,4.5,83.9686044921875
451,4.51,83.9586044921875
452,4.5200000000000005,83.9486044921875
453,4.53,83.9386044921875
454,4.54,83.9286044921875
455,4.55,83.9186044921875
456,4.5600000000000005,83.9086044921875
457,4.57,83.8986044921875
458,4.58,83.8886044921875
459,4.59,83.8786044921875
460,4.6000000000000005,83.8686044921875
461,4.61,83.8586044921875
462,4.62,83.8486044921875
463,4.63,83.8386044921875
464,4.64,83.8286044921875
465,4.65,83.8186044921875
466,4.66,83.8086044921875
467,4.67,83.7986044921875
468,4.68,83.7886044921875
469,4.69,83.7786044921875
470,4.7,83.7686044921875
471,4.71,83.7586044921875
472,4.72,83.7486044921875
473,4.73,83.7386044921875
474,4.74,83.7286044921875
475,4.75,83.7186044921875
476,4.76,83.7086044921875
477,4.7700000000000005,83.6986044921875
478,4.78,83.6886044921875
479,4.79,83.6786044921875
480,4.8,83.6686044921875
481,4.8100000000000005,83.6586044921875
482,4.82,83.6486044921875
483,4.83,83.6386044921875
484,4.84,83.6286044921875
485,4.8500000000000005,83.6186044921875
486,4.86,83.6086044921875
487,4.87,83.5986044921875
488,4.88,83.5886044921875
489,4.89,83.5786044921875
490,4.9,83.5686044921875
491,4.91,83.5586044921875
492,4.92,83.5486044921875
493,4.93,83.5386044921875
494,4.94,83.5286044921875
495,4.95,83.5186044921875
496,4.96,83.5086044921875
497,4.97,83.4986044921875
498,4.98,83.4886044921875
499,4.99,83.4786044921875
500,5.0,83.4686044921875
501,5.01,83.4586044921875
502,5.0200000000000005,83.4486044921875
503,5.03,83.4386044921875
504,5.04,83.4286044921875
505,5.05,83.4186044921875
506,5.0600000000000005,83.4086044921875
507,5.07,83.3986044921875
508,5.08,83.3886044921875
509,5.09,83.3786044921875
510,5.1000000000000005,83.3686044921875
511,5.11,83.3586044921875
512,5.12,83.3486044921875
513,5.13,83.3386044921875
514,5.14,83.3286044921875
515,5.15,83.3186044921875
516,5.16,83.3086044921875
517,5.17,83.2986044921875
518,5.18,83.2886044921875
519,5.19,83.2786044921875
520,5.2,83.2686044921875
521,5.21,83.2586044921875
522,5.22,83.2486044921875
523,5.23,83.2386044921875
524,5.24,83.2286044921875
525,5.25,83.2186044921875
526,5.26,83.2086044921875
527,5.2700000000000005,83.1986044921875
528,5.28,83.1886044921875
529,5.29,83.1786044921875
530,5.3,83.1686044921875
531,5.3100000000000005,83.1586044921875
532,5.32,83.1486044921875
533,5.33,83.1386044921875
534,5.34,83.1286044921875
535,5.3500000000000005,83.1186044921875
536,5.36,83.1086044921875
537,5.37,83.0986044921875
538,5.38,83.0886044921875
539,5.39,83.0786044921875
540,5.4,83.0686044921875
541,5.41,83.0586044921875
542,5.42,83.0486044921875
543,5.43,83.0386044921875
544,5.44,83.0286044921875
545,5.45,83.0186044921875
546,5.46,83.0086044921875
547,5.47,82.9986044921875
548,5.48,82.9886044921875
549,5.49,82.9786044921875
550,5.5,82.9686044921875
551,5.51,82.9586044921875
552,5.5200000000000005,82.9486044921875
553,5.53,82.9386044921875
554,5.54,82.9286044921875
555,5.55,82.9186044921875
556,5.5600000000000005,82.9086044921875
557,5.57,82.8986044921875
558,5.58,82.8886044921875
559,5.59,82.8786044921875
560,5.6000000000000005,82.8686044921875
561,5.61,82.8586044921875
562,5.62,82.8486044921875
563,5.63,82.8386044921875
564,5.64,82.8286044921875
565,5.65,82.8186044921875
566,5.66,82.8086044921875
567,5.67,82.7986044921875
568,5.68,82.7886044921875
569,5.69,82.7786044921875
570,5.7,82.7686044921875
571,5.71,82.7586044921875
572,5.72,82.7486044921875
573,5.73,82.7386044921875
574,5.74,82.7286044921875
575,5.75,82.7186044921875
576,5.76,82.7086044921875
577,5.7700000000000005,82.6986044921875
578,5.78,82.6886044921875
579,5.79,82.6786044921875
580,5.8,82.6686044921875
581,5.8100000000000005,82.6586044921875
582,5.82,82.6486044921875
583,5.83,82.6386044921875
584,5.84,82.6286044921875
585,5.8500000000000005,82.6186044921875
586,5.86,82.6086044921875
587,5.87,82.5986044921875
588,5.88,82.5886044921875
589,5.89,82.5786044921875
590,5.9,82.5686044921875
591,5.91,82.5586044921875
592,5.92,82.5486044921875
593,5.93,82.5386044921875
594,5.94,82.5286044921875
595,5.95,82.5186044921875
596,5.96,82.5086044921875
597,5.97,82.4986044921875
598,5.98,82.4886044921875
599,5.99,82.4786044921875
600,6.0,82.4686044921875
601,6.01,82.4586044921875
602,6.0200000000000005,82.4486044921875
603,6.03,82.4386044921875
604,6.04,82.4286044921875
605,6.05,82.4186044921875
606,6.0600000000000005,82.4086044921875
607,6.07,82.3986044921875
608,6.08,82.3886044921875
609,6.09,82.3786044921875
610,6.1000000000000005,82.3686044921875
611,6.11,82.3586044921875
612,6.12,82.3486044921875
613,6.13,82.3386044921875
614,6.140000000000001,82.3286044921875
615,6.15,82.3186044921875
616,6.16,82.3086044921875
617,6.17,82.2986044921875
618,6.18,82.2886044921875
619,6.19,82.2786044921875
620,6.2,82.2686044921875
621,6.21,82.2586044921875
622,6.22,82.2486044921875
623,6.23,82.2386044921875
624,6.24,82.2286044921875
625,6.25,82.2186044921875
626,6.26,82.2086044921875
627,6.2700000000000005,82.1986044921875
628,6.28,82.1886044921875
629,6.29,82.1786044921875
630,6.3,82.1686044921875
631,6.3100000000000005,82.1586044921875
632,6.32,82.1486044921875
633,6.33,82.1386044921875
634,6.34,82.1286044921875
635,6.3500000000000005,82.1186044921875
636,6.36,82.1086044921875
637,6.37,82.0986044921875
638,6.38,82.0886044921875
639,6.390000000000001,82.0786044921875
640,6.4,82.0686044921875
641,6.41,82.0586044921875
642,6.42,82.0486044921875
643,6.43,82.0386044921875
644,6.44,82.0286044921875
645,6.45,82.0186044921875
646,6.46,82.0086044921875
647,6.47,81.9986044921875
648,6.48,81.9886044921875
649,6.49,81.9786044921875
650,6.5,81.9686044921875
651,6.51,81.9586044921875
652,6.5200000000000005,81.9486044921875
653,6.53,81.9386044921875
654,6.54,81.9286044921875
655,6.55,81.9186044921875
656,6.5600000000000005,81.9086044921875
657,6.57,81.8986044921875
658,6.58,81.8886044921875
659,6.59,81.8786044921875
660,6.6000000000000005,81.8686044921875
661,6.61,81.8586044921875
662,6.62,81.8486044921875
663,6.63,81.8386044921875
664,6.640000000000001,81.8286044921875
665,6.65,81.8186044921875
666,6.66,81.8086044921875
667,6.67,81.79860449218751
668,6.68,81.7886044921875
669,6.69,81.7786044921875
670,6.7,81.7686044921875
671,6.71,81.7586044921875
672,6.72,81.7486044921875
673,6.73,81.7386044921875
674,6.74,81.7286044921875
675,6.75,81.7186044921875
676,6.76,81.7086044921875
677,6.7700000000000005,81.6986044921875
678,6.78,81.6886044921875
679,6.79,81.6786044921875
680,6.8,81.6686044921875
681,6.8100000000000005,81.6586044921875
682,6.82,81.6486044921875
683,6.83,81.6386044921875
684,6.84,81.6286044921875
685,6.8500000000000005,81.6186044921875
686,6.86,81.6086044921875
687,6.87,81.5986044921875
688,6.88,81.5886044921875
689,6.890000000000001,81.5786044921875
690,6.9,81.5686044921875
691,6.91,81.5586044921875
692,6.92,81.54860449218751
693,6.93,81.5386044921875
694,6.94,81.5286044921875
695,6.95,81.5186044921875
696,6.96,81.5086044921875
697,6.97,81.4986044921875
698,6.98,81.4886044921875
699,6.99,81.4786044921875
700,7.0,81.4686044921875
701,7.01,81.4586044921875
702,7.0200000000000005,81.4486044921875
703,7.03,81.4386044921875
704,7.04,81.4286044921875
705,7.05,81.4186044921875
706,7.0600000000000005,81.4086044921875
707,7.07,81.3986044921875
708,7.08,81.3886044921875
709,7.09,81.3786044921875
710,7.1000000000000005,81.3686044921875
711,7.11,81.3586044921875
712,7.12,81.3486044921875
713,7.13,81.3386044921875
714,7.140000000000001,81.3286044921875
715,7.15,81.3186044921875
716,7.16,81.3086044921875
717,7.17,81.29860449218751
718,7.18,81.2886044921875
719,7.19,81.2786044921875
720,7.2,81.2686044921875
721,7.21,81.2586044921875
722,7.22,81.2486044921875
723,7.23,81.2386044921875
724,7.24,81.2286044921875
725,7.25,81.2186044921875
726,7.26,81.2086044921875
727,7.2700000000000005,81.1986044921875
728,7.28,81.1886044921875
729,7.29,81.1786044921875
730,7.3,81.1686044921875
731,7.3100000000000005,81.1586044921875
732,7.32,81.1486044921875
733,7.33,81.1386044921875
734,7.34,81.1286044921875
735,7.3500000000000005,81.1186044921875
736,7.36,81.1086044921875
737,7.37,81.0986044921875
738,7.38,81.0886044921875
739,7.390000000000001,81.0786044921875
740,7.4,81.0686044921875
741,7.41,81.0586044921875
742,7.42,81.04860449218751
743,7.43,81.0386044921875
744,7.44,81.0286044921875
745,7.45,81.0186044921875
746,7.46,81.0086044921875
747,7.47,80.99888359375
748,7.48,80.99088359375
749,7.49,80.98288359375
750,7.5,80.97488359375
751,7.51,80.96688359375
752,7.5200000000000005,80.95888359375
753,7.53,80.95088359375
754,7.54,80.94288359375
755,7.55,80.93488359375
756,7.5600000000000005,80.92688359375
757,7.57,80.91888359375
758,7.58,80.91088359375
759,7.59,80.90288359375
760,7.6000000000000005,80.89488359375
761,7.61,80.88688359375
762,7.62,80.87888359375
763,7.63,80.87088359375
764,7.640000000000001,80.86288359375
765,7.65,80.85488359375
766,7.66,80.84688359375
767,7.67,80.83888359375
768,7.68,80.83088359375
769,7.69,80.82288359375
770,7.7,80.81488359375
771,7.71,80.80688359375
772,7.72,80.79888359375
773,7.73,80.79088359375
774,7.74,80.78288359375
775,7.75,80.77488359375
776,7.76,80.76688359375
777,7.7700000000000005,80.75888359375
778,7.78,80.75088359375
779,7.79,80.74288359375
780,7.8,80.73488359375
781,7.8100000000000005,80.72688359375
782,7.82,80.71888359375001
783,7.83,80.71088359375
784,7.84,80.70288359375
785,7.8500000000000005,80.69488359375
786,7.86,80.68688359375
787,7.87,80.67888359375
788,7.88,80.67088359375
789,7.890000000000001,80.66288359375
790,7.9,80.65488359375
791,7.91,80.64688359375
792,7.92,80.63888359375
793,7.930000000000001,80.63088359375
794,7.94,80.62288359375
795,7.95,80.61488359375
796,7.96,80.60688359375
797,7.97,80.59888359375
798,7.98,80.59088359375001
799,7.99,80.58288359375
800,8.0,80.57488359375
801,8.01,80.56688359375
802,8.02,80.55888359375
803,8.03,80.55088359375
804,8.040000000000001,80.54288359375
805,8.05,80.53488359375
806,8.06,80.52688359375
807,8.07,80.51888359375
808,8.08,80.51088359375
809,8.09,80.50288359375
810,8.1,80.49488359375
811,8.11,80.48688359375001
812,8.120000000000001,80.47888359375
813,8.13,80.47088359375
814,8.14,80.46288359375
815,8.15,80.45488359375
816,8.16,80.44688359375
817,8.17,80.43888359375
818,8.18,80.43088359375
819,8.19,80.42288359375
820,8.2,80.41488359375
821,8.21,80.40688359375
822,8.22,80.39888359375
823,8.23,80.39088359375
824,8.24,80.38288359375001
825,8.25,80.37488359375
826,8.26,80.36688359375
827,8.27,80.35888359375001
828,8.28,80.35088359375
829,8.290000000000001,80.34288359375
830,8.3,80.33488359375
831,8.31,80.32688359375
832,8.32,80.31888359375
833,8.33,80.31088359375
834,8.34,80.30288359375
835,8.35,80.29488359375
836,8.36,80.28688359375
837,8.370000000000001,80.27888359375
838,8.38,80.27088359375
839,8.39,80.26288359375
840,8.4,80.25488359375001
841,8.41,80.24688359375
842,8.42,80.23888359375
843,8.43,80.23088359375001
844,8.44,80.22288359375
845,8.45,80.21488359375
846,8.46,80.20688359375
847,8.47,80.19888359375
848,8.48,80.19088359375
849,8.49,80.18288359375
850,8.5,80.17488359375
851,8.51,80.16688359375
852,8.52,80.15888359375
853,8.53,80.15088359375001
854,8.540000000000001,80.14288359375
855,8.55,80.13488359375
856,8.56,80.12688359375001
857,8.57,80.11888359375
858,8.58,80.11088359375
859,8.59,80.10288359375001
860,8.6,80.09488359375
861,8.61,80.08688359375
862,8.620000000000001,80.07888359375
863,8.63,80.07088359375
864,8.64,80.06288359375
865,8.65,80.05488359375
866,8.66,80.04688359375001
867,8.67,80.03888359375
868,8.68,80.03088359375
869,8.69,80.02288359375001
870,8.700000000000001,80.01488359375
871,8.71,80.00688359375
872,8.72,79.99888359375001
873,8.73,79.99088359375
874,8.74,79.98288359375
875,8.75,79.97488359375001
876,8.76,79.96688359375
877,8.77,79.95888359375
878,8.78,79.95088359375
879,8.790000000000001,79.94288359375
880,8.8,79.93488359375
881,8.81,79.92688359375
882,8.82,79.91888359375001
883,8.83,79.91088359375
884,8.84,79.90288359375
885,8.85,79.89488359375001
886,8.86,79.88688359375
887,8.870000000000001,79.87888359375
888,8.88,79.87088359375001
889,8.89,79.86288359375
890,8.9,79.85488359375
891,8.91,79.84688359375001
892,8.92,79.83888359375
893,8.93,79.83088359375
894,8.94,79.82288359375
895,8.950000000000001,79.81488359375
896,8.96,79.80688359375
897,8.97,79.79888359375
898,8.98,79.79088359375001
899,8.99,79.78288359375
900,9.0,79.77488359375
901,9.01,79.76688359375001
902,9.02,79.75888359375
903,9.03,79.75088359375
904,9.040000000000001,79.74288359375001
905,9.05,79.73488359375
906,9.06,79.72688359375
907,9.07,79.71888359375001
908,9.08,79.71088359375
909,9.09,79.70288359375
910,9.1,79.69488359375
911,9.11,79.68688359375001
912,9.120000000000001,79.67888359375
913,9.13,79.67088359375
914,9.14,79.66288359375001
915,9.15,79.65488359375
916,9.16,79.64688359375
917,9.17,79.63888359375001
918,9.18,79.63088359375
919,9.19,79.62288359375
920,9.200000000000001,79.61488359375001
921,9.21,79.60688359375
922,9.22,79.59888359375
923,9.23,79.59088359375001
924,9.24,79.58288359375001
925,9.25,79.57488359375
926,9.26,79.56688359375
927,9.27,79.55888359375001
928,9.28,79.55088359375
929,9.290000000000001,79.54288359375
930,9.3,79.53488359375001
931,9.31,79.52688359375
932,9.32,79.51888359375
933,9.33,79.51088359375001
934,9.34,79.50288359375
935,9.35,79.49488359375
936,9.36,79.48688359375001
937,9.370000000000001,79.47888359375
938,9.38,79.47088359375
939,9.39,79.46288359375
940,9.4,79.45488359375001
941,9.41,79.44688359375
942,9.42,79.43888359375
943,9.43,79.43088359375001
944,9.44,79.42288359375
945,9.450000000000001,79.41488359375
946,9.46,79.40688359375001
947,9.47,79.39888359375
948,9.48,79.39088359375
949,9.49,79.38288359375001
950,9.5,79.37488359375
951,9.51,79.36688359375
952,9.52,79.35888359375001
953,9.53,79.35088359375001
954,9.540000000000001,79.34288359375
955,9.55,79.33488359375
956,9.56,79.32688359375001
957,9.57,79.31888359375
958,9.58,79.31088359375
959,9.59,79.30288359375001
960,9.6,79.29488359375
961,9.61,79.28688359375
962,9.620000000000001,79.27888359375001
963,9.63,79.27088359375
964,9.64,79.26288359375
965,9.65,79.25488359375001
966,9.66,79.24688359375
967,9.67,79.23888359375
968,9.68,79.23088359375001
969,9.69,79.22288359375001
970,9.700000000000001,79.21488359375
971,9.71,79.20688359375
972,9.72,79.19888359375001
973,9.73,79.19088359375
974,9.74,79.18288359375
975,9.75,79.17488359375001
976,9.76,79.16688359375
977,9.77,79.15888359375
978,9.78,79.15088359375001
979,9.790000000000001,79.14288359375
980,9.8,79.13488359375
981,9.81,79.12688359375001
982,9.82,79.11888359375001
983,9.83,79.11088359375
984,9.84,79.10288359375001
985,9.85,79.09488359375001
986,9.86,79.08688359375
987,9.870000000000001,79.07888359375
988,9.88,79.07088359375001
989,9.89,79.06288359375
990,9.9,79.05488359375
991,9.91,79.04688359375001
992,9.92,79.03888359375
993,9.93,79.03088359375
994,9.94,79.02288359375001
995,9.950000000000001,79.01488359375
996,9.96,79.00688359375
997,9.97,78.99888359375001
998,9.98,78.99088359375001
999,9.99,78.98288359375
1000,10.0,78.97488359375001
1001,10.01,78.96688359375001
1002,10.02,78.95888359375
1003,10.03,78.95088359375
1004,10.040000000000001,78.94288359375001
1005,10.05,78.93488359375
1006,10.06,78.92688359375
1007,10.07,78.91888359375001
1008,10.08,78.91088359375001
1009,10.09,78.90288359375
1010,10.1,78.89488359375001
1011,10.11,78.88688359375001
1012,10.120000000000001,78.87888359375
1013,10.13,78.87088359375001
1014,10.14,78.86288359375001
1015,10.15,78.85488359375
1016,10.16,78.84688359375001
1017,10.17,78.83888359375001
1018,10.18,78.83088359375
1019,10.19,78.82288359375
1020,10.200000000000001,78.81488359375001
1021,10.21,78.80688359375
1022,10.22,78.79888359375
1023,10.23,78.79088359375001
1024,10.24,78.78288359375001
1025,10.25,78.77488359375
1026,10.26,78.76688359375001
1027,10.27,78.75888359375001
1028,10.28,78.75088359375
1029,10.290000000000001,78.74288359375001
1030,10.3,78.73488359375001
1031,10.31,78.72688359375
1032,10.32,78.71888359375001
1033,10.33,78.71088359375001
1034,10.34,78.70288359375
1035,10.35,78.69488359375
1036,10.36,78.68688359375001
1037,10.370000000000001,78.67888359375
1038,10.38,78.67088359375
1039,10.39,78.66288359375001
1040,10.4,78.65488359375001
1041,10.41,78.64688359375
1042,10.42,78.63888359375001
1043,10.43,78.63088359375001
1044,10.44,78.62288359375
1045,10.450000000000001,78.61488359375001
1046,10.46,78.60688359375001
1047,10.47,78.59888359375
1048,10.48,78.59088359375001
1049,10.49,78.58288359375001
1050,10.5,78.57488359375
1051,10.51,78.56688359375
1052,10.52,78.55888359375001
1053,10.53,78.55088359375002
1054,10.540000000000001,78.54288359375
1055,10.55,78.53488359375001
1056,10.56,78.52688359375001
1057,10.57,78.51888359375
1058,10.58,78.51088359375001
1059,10.59,78.50288359375001
1060,10.6,78.49488359375
1061,10.61,78.48688359375001
1062,10.620000000000001,78.47888359375001
1063,10.63,78.47088359375
1064,10.64,78.46288359375
1065,10.65,78.45488359375001
1066,10.66,78.44688359375002
1067,10.67,78.43888359375
1068,10.68,78.43088359375001
1069,10.69,78.42288359375002
1070,10.700000000000001,78.41488359375
1071,10.71,78.40688359375001
1072,10.72,78.39888359375001
1073,10.73,78.39088359375
1074,10.74,78.38288359375001
1075,10.75,78.37488359375001
1076,10.76,78.36688359375
1077,10.77,78.35888359375001
1078,10.78,78.35088359375001
1079,10.790000000000001,78.34288359375
1080,10.8,78.33488359375
1081,10.81,78.32688359375001
1082,10.82,78.31888359375002
1083,10.83,78.31088359375
1084,10.84,78.30288359375001
1085,10.85,78.29488359375001
1086,10.86,78.28688359375
1087,10.870000000000001,78.27888359375001
1088,10.88,78.27088359375001
1089,10.89,78.26288359375
1090,10.9,78.25488359375001
1091,10.91,78.24688359375001
1092,10.92,78.23888359375
1093,10.93,78.23088359375001
1094,10.94,78.22288359375001
1095,10.950000000000001,78.21488359375
1096,10.96,78.20688359375
1097,10.97,78.19888359375001
1098,10.98,78.19088359375002
1099,10.99,78.18288359375
1100,11.0,78.17488359375001
1101,11.01,78.16688359375001
1102,11.02,78.15888359375
1103,11.03,78.15088359375001
1104,11.040000000000001,78.14288359375001
1105,11.05,78.13488359375
1106,11.06,78.12688359375001
1107,11.07,78.11888359375001
1108,11.08,78.11088359375
1109,11.09,78.10288359375001
1110,11.1,78.09488359375001
1111,11.11,78.08688359375002
1112,11.120000000000001,78.07888359375
1113,11.13,78.07088359375001
1114,11.14,78.06288359375002
1115,11.15,78.05488359375
1116,11.16,78.04688359375001
1117,11.17,78.03888359375001
1118,11.18,78.03088359375
1119,11.19,78.02288359375001
1120,11.200000000000001,78.01488359375001
1121,11.21,78.00688359375
1122,11.22,77.99888359375001
1123,11.23,77.99088359375001
1124,11.24,77.98288359375002
1125,11.25,77.97488359375001
1126,11.26,77.96688359375001
1127,11.27,77.95888359375002
1128,11.28,77.95088359375
1129,11.290000000000001,77.94288359375001
1130,11.3,77.93488359375002
1131,11.31,77.92688359375
1132,11.32,77.91888359375001
1133,11.33,77.91088359375001
1134,11.34,77.90288359375
1135,11.35,77.89488359375001
1136,11.36,77.88688359375001
1137,11.370000000000001,77.87888359375
1138,11.38,77.87088359375001
1139,11.39,77.86288359375001
1140,11.4,77.85488359375002
1141,11.41,77.84688359375001
1142,11.42,77.83888359375001
1143,11.43,77.83088359375002
1144,11.44,77.82288359375
1145,11.450000000000001,77.81488359375001
1146,11.46,77.80688359375002
1147,11.47,77.79888359375
1148,11.48,77.79088359375001
1149,11.49,77.78288359375001
1150,11.5,77.77488359375002
1151,11.51,77.76688359375001
1152,11.52,77.75888359375001
1153,11.53,77.75088359375002
1154,11.540000000000001,77.74288359375001
1155,11.55,77.73488359375001
1156,11.56,77.72688359375002
1157,11.57,77.71888359375001
1158,11.58,77.71088359375001
1159,11.59,77.70288359375002
1160,11.6,77.69488359375
1161,11.61,77.68688359375001
1162,11.620000000000001,77.67888359375002
1163,11.63,77.67088359375
1164,11.64,77.66288359375001
1165,11.65,77.65488359375001
1166,11.66,77.64688359375002
1167,11.67,77.63888359375001
1168,11.68,77.63088359375001
1169,11.69,77.62288359375002
1170,11.700000000000001,77.61488359375001
1171,11.71,77.60688359375001
1172,11.72,77.59888359375002
1173,11.73,77.59088359375001
1174,11.74,77.58288359375001
1175,11.75,77.57488359375002
1176,11.76,77.56688359375
1177,11.77,77.55888359375001
1178,11.78,77.55088359375002
1179,11.790000000000001,77.54288359375
1180,11.8,77.53488359375001
1181,11.81,77.52688359375001
1182,11.82,77.51888359375002
1183,11.83,77.51088359375001
1184,11.84,77.50288359375001
1185,11.85,77.49488359375002
1186,11.86,77.48688359375001
1187,11.870000000000001,77.47888359375001
1188,11.88,77.47088359375002
1189,11.89,77.46288359375
1190,11.9,77.45488359375001
1191,11.91,77.44688359375002
1192,11.92,77.43888359375
1193,11.93,77.43088359375001
1194,11.94,77.42288359375002
1195,11.950000000000001,77.41488359375
1196,11.96,77.40688359375001
1197,11.97,77.39888359375001
1198,11.98,77.39088359375002
1199,11.99,77.38288359375001
1200,12.0,77.37488359375001
1201,12.01,77.36688359375002
1202,12.02,77.35888359375001
1203,12.030000000000001,77.35088359375001
1204,12.040000000000001,77.34288359375002
1205,12.05,77.33488359375
1206,12.06,77.32688359375001
1207,12.07,77.31888359375002
1208,12.08,77.31088359375002
1209,12.09,77.30288359375001
1210,12.1,77.29488359375001
1211,12.11,77.28688359375002
1212,12.120000000000001,77.27888359375001
1213,12.13,77.27088359375001
1214,12.14,77.26288359375002
1215,12.15,77.25488359375001
1216,12.16,77.24688359375001
1217,12.17,77.23888359375002
1218,12.18,77.23088359375001
1219,12.19,77.22288359375001
1220,12.200000000000001,77.21488359375002
1221,12.21,77.20688359375
1222,12.22,77.19888359375001
1223,12.23,77.19088359375002
1224,12.24,77.18288359375002
1225,12.25,77.17488359375001
1226,12.26,77.16688359375001
1227,12.27,77.15888359375002
1228,12.280000000000001,77.15088359375001
1229,12.290000000000001,77.14288359375001
1230,12.3,77.13488359375002
1231,12.31,77.12688359375001
1232,12.32,77.11888359375001
1233,12.33,77.11088359375002
1234,12.34,77.10288359375001
1235,12.35,77.09488359375001
1236,12.36,77.08688359375002
1237,12.370000000000001,77.07888359375
1238,12.38,77.07088359375001
1239,12.39,77.06288359375002
1240,12.4,77.05488359375002
1241,12.41,77.04688359375001
1242,12.42,77.03888359375001
1243,12.43,77.03088359375002
1244,12.44,77.02288359375001
1245,12.450000000000001,77.01488359375001
1246,12.46,77.00688359375002
1247,12.47,76.99965112304689
1248,12.48,76.99715112304689
1249,12.49,76.99465112304689
1250,12.5,76.9921511230469
1251,12.51,76.98965112304688
1252,12.52,76.98715112304689
1253,12.530000000000001,76.98465112304689
1254,12.540000000000001,76.98215112304689
1255,12.55,76.97965112304689
1256,12.56,76.9771511230469
1257,12.57,76.97465112304688
1258,12.58,76.97215112304688
1259,12.59,76.96965112304689
1260,12.6,76.96715112304689
1261,12.61,76.96465112304689
1262,12.620000000000001,76.9621511230469
1263,12.63,76.95965112304688
1264,12.64,76.95715112304688
1265,12.65,76.95465112304689
1266,12.66,76.95215112304689
1267,12.67,76.94965112304689
1268,12.68,76.9471511230469
1269,12.69,76.9446511230469
1270,12.700000000000001,76.94215112304688
1271,12.71,76.93965112304689
1272,12.72,76.93715112304689
1273,12.73,76.93465112304689
1274,12.74,76.93215112304689
1275,12.75,76.9296511230469
1276,12.76,76.92715112304688
1277,12.77,76.92465112304689
1278,12.780000000000001,76.92215112304689
1279,12.790000000000001,76.91965112304689
1280,12.8,76.91715112304689
1281,12.81,76.9146511230469
1282,12.82,76.91215112304688
1283,12.83,76.90965112304688
1284,12.84,76.90715112304689
1285,12.85,76.90465112304689
1286,12.86,76.90215112304689
1287,12.870000000000001,76.8996511230469
1288,12.88,76.89715112304688
1289,12.89,76.89465112304688
1290,12.9,76.89215112304689
1291,12.91,76.88965112304689
1292,12.92,76.88715112304689
1293,12.93,76.8846511230469
1294,12.94,76.88215112304688
1295,12.950000000000001,76.87965112304688
1296,12.96,76.87715112304689
1297,12.97,76.87465112304689
1298,12.98,76.87215112304689
1299,12.99,76.86965112304689
1300,13.0,76.86715112304688
1301,13.01,76.86465112304688
1302,13.02,76.86215112304689
1303,13.030000000000001,76.85965112304689
1304,13.040000000000001,76.85715112304689
1305,13.05,76.85465112304689
1306,13.06,76.85215112304688
1307,13.07,76.84965112304688
1308,13.08,76.84715112304688
1309,13.09,76.84465112304689
1310,13.1,76.84215112304689
1311,13.11,76.83965112304689
1312,13.120000000000001,76.83715112304688
1313,13.13,76.83465112304688
1314,13.14,76.83215112304688
1315,13.15,76.82965112304689
1316,13.16,76.82715112304689
1317,13.17,76.82465112304689
1318,13.18,76.8221511230469
1319,13.19,76.81965112304688
1320,13.200000000000001,76.81715112304688
1321,13.21,76.81465112304689
1322,13.22,76.81215112304689
1323,13.23,76.80965112304689
1324,13.24,76.80715112304689
1325,13.25,76.80465112304688
1326,13.26,76.80215112304688
1327,13.27,76.79965112304689
1328,13.280000000000001,76.79715112304689
1329,13.290000000000001,76.79465112304689
1330,13.3,76.79215112304689
1331,13.31,76.78965112304688
1332,13.32,76.78715112304688
1333,13.33,76.78465112304688
1334,13.34,76.78215112304689
1335,13.35,76.77965112304689
1336,13.36,76.77715112304689
1337,13.370000000000001,76.77465112304688
1338,13.38,76.77215112304688
1339,13.39,76.76965112304688
1340,13.4,76.76715112304689
1341,13.41,76.76465112304689
1342,13.42,76.76215112304689
1343,13.43,76.75965112304688
1344,13.44,76.75715112304688
1345,13.450000000000001,76.75465112304688
1346,13.46,76.75215112304689
1347,13.47,76.74965112304689
1348,13.48,76.74715112304689
1349,13.49,76.74465112304688
1350,13.5,76.74215112304688
1351,13.51,76.73965112304688
1352,13.52,76.73715112304689
1353,13.530000000000001,76.73465112304689
1354,13.540000000000001,76.73215112304689
1355,13.55,76.72965112304689
1356,13.56,76.72715112304688
1357,13.57,76.72465112304688
1358,13.58,76.72215112304688
1359,13.59,76.71965112304689
1360,13.6,76.71715112304689
1361,13.61,76.71465112304689
1362,13.620000000000001,76.71215112304688
1363,13.63,76.70965112304688
1364,13.64,76.70715112304688
1365,13.65,76.70465112304689
1366,13.66,76.70215112304689
1367,13.67,76.69965112304689
1368,13.68,76.69715112304688
1369,13.69,76.69465112304688
1370,13.700000000000001,76.69215112304688
1371,13.71,76.68965112304689
1372,13.72,76.68715112304689
1373,13.73,76.68465112304689
1374,13.74,76.68215112304688
1375,13.75,76.67965112304688
1376,13.76,76.67715112304688
1377,13.77,76.67465112304689
1378,13.780000000000001,76.67215112304689
1379,13.790000000000001,76.66965112304689
1380,13.8,76.66715112304688
1381,13.81,76.66465112304688
1382,13.82,76.66215112304688
1383,13.83,76.65965112304688
1384,13.84,76.65715112304689
1385,13.85,76.65465112304689
1386,13.86,76.65215112304688
1387,13.870000000000001,76.64965112304688
1388,13.88,76.64715112304688
1389,13.89,76.64465112304688
1390,13.9,76.64215112304689
1391,13.91,76.63965112304689
1392,13.92,76.63715112304689
1393,13.93,76.63465112304688
1394,13.94,76.63215112304688
1395,13.950000000000001,76.62965112304688
1396,13.96,76.62715112304689
1397,13.97,76.62465112304689
1398,13.98,76.62215112304689
1399,13.99,76.61965112304688
1400,14.0,76.61715112304688
1401,14.01,76.61465112304688
1402,14.02,76.61215112304689
1403,14.030000000000001,76.60965112304689
1404,14.040000000000001,76.60715112304689
1405,14.05,76.60465112304688
1406,14.06,76.60215112304688
1407,14.07,76.59965112304688
1408,14.08,76.59715112304688
1409,14.09,76.59465112304689
1410,14.1,76.59215112304689
1411,14.11,76.58965112304688
1412,14.120000000000001,76.58715112304688
1413,14.13,76.58465112304688
1414,14.14,76.58215112304688
1415,14.15,76.57965112304689
1416,14.16,76.57715112304689
1417,14.17,76.57465112304688
1418,14.18,76.57215112304688
1419,14.19,76.56965112304688
1420,14.200000000000001,76.56715112304688
1421,14.21,76.56465112304689
1422,14.22,76.56215112304689
1423,14.23,76.55965112304688
1424,14.24,76.55715112304688
1425,14.25,76.55465112304688
1426,14.26,76.55215112304688
1427,14.27,76.54965112304689
1428,14.280000000000001,76.54715112304689
1429,14.290000000000001,76.54465112304688
1430,14.3,76.54215112304688
1431,14.31,76.53965112304688
1432,14.32,76.53715112304688
1433,14.33,76.53465112304688
1434,14.34,76.53215112304689
1435,14.35,76.52965112304689
1436,14.36,76.52715112304688
1437,14.370000000000001,76.52465112304688
1438,14.38,76.52215112304688
1439,14.39,76.51965112304688
1440,14.4,76.51715112304689
1441,14.41,76.51465112304689
1442,14.42,76.51215112304688
1443,14.43,76.50965112304688
1444,14.44,76.50715112304688
1445,14.450000000000001,76.50465112304688
1446,14.46,76.50215112304689
1447,14.47,76.49965112304689
1448,14.48,76.49715112304688
1449,14.49,76.49465112304688
1450,14.5,76.49215112304688
1451,14.51,76.48965112304688
1452,14.52,76.48715112304689
1453,14.530000000000001,76.48465112304689
1454,14.540000000000001,76.48215112304688
1455,14.55,76.47965112304688
1456,14.56,76.47715112304688
1457,14.57,76.47465112304688
1458,14.58,76.47215112304688
1459,14.59,76.46965112304689
1460,14.6,76.46715112304688
1461,14.61,76.46465112304688
1462,14.620000000000001,76.46215112304688
1463,14.63,76.45965112304688
1464,14.64,76.45715112304688
1465,14.65,76.45465112304689
1466,14.66,76.45215112304687
1467,14.67,76.44965112304688
1468,14.68,76.44715112304688
1469,14.69,76.44465112304688
1470,14.700000000000001,76.44215112304688
1471,14.71,76.43965112304689
1472,14.72,76.43715112304687
1473,14.73,76.43465112304688
1474,14.74,76.43215112304688
1475,14.75,76.42965112304688
1476,14.76,76.42715112304688
1477,14.77,76.42465112304689
1478,14.780000000000001,76.42215112304689
1479,14.790000000000001,76.41965112304688
1480,14.8,76.41715112304688
1481,14.81,76.41465112304688
1482,14.82,76.41215112304688
1483,14.83,76.40965112304688
1484,14.84,76.40715112304689
1485,14.85,76.40465112304688
1486,14.86,76.40215112304688
1487,14.870000000000001,76.39965112304688
1488,14.88,76.39715112304688
1489,14.89,76.39465112304688
1490,14.9,76.39215112304689
1491,14.91,76.38965112304687
1492,14.92,76.38715112304688
1493,14.93,76.38465112304688
1494,14.94,76.38215112304688
1495,14.950000000000001,76.37965112304688
1496,14.96,76.37715112304689
1497,14.97,76.37465112304687
1498,14.98,76.37215112304688
1499,14.99,76.36965112304688
1500,15.0,76.36715112304688
1501,15.01,76.36465112304688
1502,15.02,76.36215112304689
1503,15.030000000000001,76.35965112304687
1504,15.040000000000001,76.35715112304688
1505,15.05,76.35465112304688
1506,15.06,76.35215112304688
1507,15.07,76.34965112304688
1508,15.08,76.34715112304688
1509,15.09,76.34465112304687
1510,15.1,76.34215112304688
1511,15.11,76.33965112304688
1512,15.120000000000001,76.33715112304688
1513,15.13,76.33465112304688
1514,15.14,76.33215112304688
1515,15.15,76.32965112304689
1516,15.16,76.32715112304687
1517,15.17,76.32465112304688
1518,15.18,76.32215112304688
1519,15.19,76.31965112304688
1520,15.200000000000001,76.31715112304688
1521,15.21,76.31465112304689
1522,15.22,76.31215112304687
1523,15.23,76.30965112304688
1524,15.24,76.30715112304688
1525,15.25,76.30465112304688
1526,15.26,76.30215112304688
1527,15.27,76.29965112304689
1528,15.280000000000001,76.29715112304687
1529,15.290000000000001,76.29465112304688
1530,15.3,76.29215112304688
1531,15.31,76.28965112304688
1532,15.32,76.28715112304688
1533,15.33,76.28465112304688
1534,15.34,76.28215112304687
1535,15.35,76.27965112304688
1536,15.36,76.27715112304688
1537,15.370000000000001,76.27465112304688
1538,15.38,76.27215112304688
1539,15.39,76.26965112304688
1540,15.4,76.26715112304687
1541,15.41,76.26465112304687
1542,15.42,76.26215112304688
1543,15.43,76.25965112304688
1544,15.44,76.25715112304688
1545,15.450000000000001,76.25465112304688
1546,15.46,76.25215112304687
1547,15.47,76.24965112304687
1548,15.48,76.24715112304688
1549,15.49,76.24465112304688
1550,15.5,76.24215112304688
1551,15.51,76.23965112304688
1552,15.52,76.23715112304687
1553,15.530000000000001,76.23465112304687
1554,15.540000000000001,76.23215112304688
1555,15.55,76.22965112304688
1556,15.56,76.22715112304688
1557,15.57,76.22465112304688
1558,15.58,76.22215112304688
1559,15.59,76.21965112304687
1560,15.6,76.21715112304688
1561,15.610000000000001,76.21465112304688
1562,15.620000000000001,76.21215112304688
1563,15.63,76.20965112304688
1564,15.64,76.20715112304688
1565,15.65,76.20465112304687
1566,15.66,76.20215112304687
1567,15.67,76.19965112304688
1568,15.68,76.19715112304688
1569,15.69,76.19465112304688
1570,15.700000000000001,76.19215112304688
1571,15.71,76.18965112304687
1572,15.72,76.18715112304687
1573,15.73,76.18465112304688
1574,15.74,76.18215112304688
1575,15.75,76.17965112304688
1576,15.76,76.17715112304688
1577,15.77,76.17465112304687
1578,15.780000000000001,76.17215112304687
1579,15.790000000000001,76.16965112304688
1580,15.8,76.16715112304688
1581,15.81,76.16465112304688
1582,15.82,76.16215112304688
1583,15.83,76.15965112304687
1584,15.84,76.15715112304687
1585,15.85,76.15465112304688
1586,15.860000000000001,76.15215112304688
1587,15.870000000000001,76.14965112304688
1588,15.88,76.14715112304688
1589,15.89,76.14465112304687
1590,15.9,76.14215112304687
1591,15.91,76.13965112304687
1592,15.92,76.13715112304688
1593,15.93,76.13465112304688
1594,15.94,76.13215112304688
1595,15.950000000000001,76.12965112304687
1596,15.96,76.12715112304687
1597,15.97,76.12465112304687
1598,15.98,76.12215112304688
1599,15.99,76.11965112304688
1600,16.0,76.11715112304688
1601,16.01,76.11465112304687
1602,16.02,76.11215112304687
1603,16.03,76.10965112304687
1604,16.04,76.10715112304688
1605,16.05,76.10465112304688
1606,16.06,76.10215112304688
1607,16.07,76.09965112304688
1608,16.080000000000002,76.09715112304687
1609,16.09,76.09465112304687
1610,16.1,76.09215112304688
1611,16.11,76.08965112304688
1612,16.12,76.08715112304688
1613,16.13,76.08465112304688
1614,16.14,76.08215112304687
1615,16.15,76.07965112304687
1616,16.16,76.07715112304687
1617,16.17,76.07465112304688
1618,16.18,76.07215112304688
1619,16.19,76.06965112304688
1620,16.2,76.06715112304687
1621,16.21,76.06465112304687
1622,16.22,76.06215112304687
1623,16.23,76.05965112304688
1624,16.240000000000002,76.05715112304688
1625,16.25,76.05465112304688
1626,16.26,76.05215112304687
1627,16.27,76.04965112304687
1628,16.28,76.04715112304687
1629,16.29,76.04465112304688
1630,16.3,76.04215112304688
1631,16.31,76.03965112304688
1632,16.32,76.03715112304687
1633,16.330000000000002,76.03465112304687
1634,16.34,76.03215112304687
1635,16.35,76.02965112304688
1636,16.36,76.02715112304688
1637,16.37,76.02465112304688
1638,16.38,76.02215112304688
1639,16.39,76.01965112304687
1640,16.4,76.01715112304687
1641,16.41,76.01465112304687
1642,16.42,76.01215112304688
1643,16.43,76.00965112304688
1644,16.44,76.00715112304688
1645,16.45,76.00465112304687
1646,16.46,76.00215112304687
1647,16.47,76.0
1648,16.48,76.0
1649,16.490000000000002,76.0
1650,16.5,76.0
1651,16.51,76.0
1652,16.52,76.0
1653,16.53,76.0
1654,16.54,76.0
1655,16.55,76.0
1656,16.56,76.0
1657,16.57,76.0
1658,16.580000000000002,76.0
1659,16.59,76.0
1660,16.6,76.0
1661,16.61,76.0
1662,16.62,76.0
1663,16.63,76.0
1664,16.64,76.0
1665,16.65,76.0
1666,16.66,76.0
1667,16.67,76.0
1668,16.68,76.0
1669,16.69,76.0
1670,16.7,76.0
1671,16.71,76.0
1672,16.72,76.0
1673,16.73,76.0
1674,16.740000000000002,76.0
1675,16.75,76.0
1676,16.76,76.0
1677,16.77,76.0
1678,16.78,76.0
1679,16.79,76.0
1680,16.8,76.0
1681,16.81,76.0
1682,16.82,76.0
1683,16.830000000000002,76.0
1684,16.84,76.0
1685,16.85,76.0
1686,16.86,76.0
1687,16.87,76.0
1688,16.88,76.0
1689,16.89,76.0
1690,16.9,76.0
1691,16.91,76.0
1692,16.92,76.0
1693,16.93,76.0
1694,16.94,76.0
1695,16.95,76.0
1696,16.96,76.0
1697,16.97,76.0
1698,16.98,76.0
1699,16.990000000000002,76.0
1700,17.0,76.0
1701,17.01,76.0
1702,17.02,76.0
1703,17.03,76.0
1704,17.04,76.0
1705,17.05,76.0
1706,17.06,76.0
1707,17.07,76.0
1708,17.080000000000002,76.0
1709,17.09,76.0
1710,17.1,76.0
1711,17.11,76.0
1712,17.12,76.0
1713,17.13,76.0
1714,17.14,76.0
1715,17.150000000000002,76.0
1716,17.16,76.0
1717,17.17,76.0
1718,17.18,76.0
1719,17.19,76.0
1720,17.2,76.0
1721,17.21,76.0
1722,17.22,76.0
1723,17.23,76.0
1724,17.240000000000002,76.0
1725,17.25,76.0
1726,17.26,76.0
1727,17.27,76.0
1728,17.28,76.0
1729,17.29,76.0
1730,17.3,76.0
1731,17.31,76.0
1732,17.32,76.0
1733,17.330000000000002,76.0
1734,17.34,76.0
1735,17.35,76.0
1736,17.36,76.0
1737,17.37,76.0
1738,17.38,76.0
1739,17.39,76.0
1740,17.400000000000002,76.0
1741,17.41,76.0
1742,17.42,76.0
1743,17.43,76.0
1744,17.44,76.0
1745,17.45,76.0
1746,17.46,76.0
1747,17.47,76.0
1748,17.48,76.0
1749,17.490000000000002,76.0
1750,17.5,76.0
1751,17.51,76.0
1752,17.52,76.0
1753,17.53,76.0
1754,17.54,76.0
1755,17.55,76.0
1756,17.56,76.0
1757,17.57,76.0
1758,17.580000000000002,76.0
1759,17.59,76.0
1760,17.6,76.0
1761,17.61,76.0
1762,17.62,76.0
1763,17.63,76.0
1764,17.64,76.0
1765,17.650000000000002,76.0
1766,17.66,76.0
1767,17.67,76.0
1768,17.68,76.0
1769,17.69,76.0
1770,17.7,76.0
1771,17.71,76.0
1772,17.72,76.0
1773,17.73,76.0
1774,17.740000000000002,76.0
1775,17.75,76.0
1776,17.76,76.0
1777,17.77,76.0
1778,17.78,76.0
1779,17.79,76.0
1780,17.8,76.0
1781,17.81,76.0
1782,17.82,76.0
1783,17.830000000000002,76.0
1784,17.84,76.0
1785,17.85,76.0
1786,17.86,76.0
1787,17.87,76.0
1788,17.88,76.0
1789,17.89,76.0
1790,17.900000000000002,76.0
1791,17.91,76.0
1792,17.92,76.0
1793,17.93,76.0
1794,17.94,76.0
1795,17.95,76.0
1796,17.96,76.0
1797,17.97,76.0
1798,17.98,76.0
1799,17.990000000000002,76.0
1800,18.0,76.0
1801,18.01,76.0
1802,18.02,76.0
1803,18.03,76.0
1804,18.04,76.0
1805,18.05,76.0
1806,18.06,76.0
1807,18.07,76.0
1808,18.080000000000002,76.0
1809,18.09,76.0
1810,18.1,76.0
1811,18.11,76.0
1812,18.12,76.0
1813,18.13,76.0
1814,18.14,76.0
1815,18.150000000000002,76.0
1816,18.16,76.0
1817,18.17,76.0
1818,18.18,76.0
1819,18.19,76.0
1820,18.2,76.0
1821,18.21,76.0
1822,18.22,76.0
1823,18.23,76.0
1824,18.240000000000002,76.0
1825,18.25,76.0
1826,18.26,76.0
1827,18.27,76.0
1828,18.28,76.0
1829,18.29,76.0
1830,18.3,76.0
1831,18.31,76.0
1832,18.32,76.0
1833,18.330000000000002,76.0
1834,18.34,76.0
1835,18.35,76.0
1836,18.36,76.0
1837,18.37,76.0
1838,18.38,76.0
1839,18.39,76.0
1840,18.400000000000002,76.0
1841,18.41,76.0
1842,18.42,76.0
1843,18.43,76.0
1844,18.44,76.0
1845,18.45,76.0
1846,18.46,76.0
1847,18.47,76.0
1848,18.48,76.0
1849,18.490000000000002,76.0
1850,18.5,76.0
1851,18.51,76.0
1852,18.52,76.0
1853,18.53,76.0
1854,18.54,76.0
1855,18.55,76.0
1856,18.56,76.0
1857,18.57,76.0
1858,18.580000000000002,76.0
1859,18.59,76.0
1860,18.6,76.0
1861,18.61,76.0
1862,18.62,76.0
1863,18.63,76.0
1864,18.64,76.0
1865,18.650000000000002,76.0
1866,18.66,76.0
1867,18.67,76.0
1868,18.68,76.0
1869,18.69,76.0
1870,18.7,76.0
1871,18.71,76.0
1872,18.72,76.0
1873,18.73,76.0
1874,18.740000000000002,76.0
1875,18.75,76.0
1876,18.76,76.0
1877,18.77,76.0
1878,18.78,76.0
1879,18.79,76.0
1880,18.8,76.0
1881,18.81,76.0
1882,18.82,76.0
1883,18.830000000000002,76.0
1884,18.84,76.0
1885,18.85,76.0
1886,18.86,76.0
1887,18.87,76.0
1888,18.88,76.0
1889,18.89,76.0
1890,18.900000000000002,76.0
1891,18.91,76.0
1892,18.92,76.0
1893,18.93,76.0
1894,18.94,76.0
1895,18.95,76.0
1896,18.96,76.0
1897,18.97,76.0
1898,18.98,76.0
1899,18.990000000000002,76.0
1900,19.0,76.0
1901,19.01,76.0
1902,19.02,76.0
1903,19.03,76.0
1904,19.04,76.0
1905,19.05,76.0
1906,19.06,76.0
1907,19.07,76.0
1908,19.080000000000002,76.0
1909,19.09,76.0
1910,19.1,76.0
1911,19.11,76.0
1912,19.12,76.0
1913,19.13,76.0
1914,19.14,76.0
1915,19.150000000000002,76.0
1916,19.16,76.0
1917,19.17,76.0
1918,19.18,76.0
1919,19.19,76.0
1920,19.2,76.0
1921,19.21,76.0
1922,19.22,76.0
1923,19.23,76.0
1924,19.240000000000002,76.0
1925,19.25,76.0
1926,19.26,76.0
1927,19.27,76.0
1928,19.28,76.0
1929,19.29,76.0
1930,19.3,76.0
1931,19.31,76.0
1932,19.32,76.0
1933,19.330000000000002,76.0
1934,19.34,76.0
1935,19.35,76.0
1936,19.36,76.0
1937,19.37,76.0
1938,19.38,76.0
1939,19.39,76.0
1940,19.400000000000002,76.0
1941,19.41,76.0
1942,19.42,76.0
1943,19.43,76.0
1944,19.44,76.0
1945,19.45,76.0
1946,19.46,76.0
1947,19.47,76.00023258463541
1948,19.48,76.00189925130208
1949,19.490000000000002,76.00356591796876
1950,19.5,76.00523258463542
1951,19.51,76.00689925130209
1952,19.52,76.00856591796875
1953,19.53,76.01023258463542
1954,19.54,76.01189925130208
1955,19.55,76.01356591796875
1956,19.56,76.01523258463541
1957,19.57,76.01689925130208
1958,19.580000000000002,76.01856591796876
1959,19.59,76.02023258463542
1960,19.6,76.02189925130209
1961,19.61,76.02356591796875
1962,19.62,76.02523258463542
1963,19.63,76.02689925130208
1964,19.64,76.02856591796875
1965,19.650000000000002,76.03023258463541
1966,19.66,76.03189925130208
1967,19.67,76.03356591796874
1968,19.68,76.03523258463542
1969,19.69,76.03689925130209
1970,19.7,76.03856591796875
1971,19.71,76.04023258463542
1972,19.72,76.04189925130208
1973,19.73,76.04356591796875
1974,19.740000000000002,76.04523258463541
1975,19.75,76.04689925130208
1976,19.76,76.04856591796874
1977,19.77,76.05023258463542
1978,19.78,76.05189925130209
1979,19.79,76.05356591796875
1980,19.8,76.05523258463542
1981,19.81,76.05689925130208
1982,19.82,76.05856591796875
1983,19.830000000000002,76.06023258463541
1984,19.84,76.06189925130208
1985,19.85,76.06356591796875
1986,19.86,76.06523258463542
1987,19.87,76.06689925130209
1988,19.88,76.06856591796875
1989,19.89,76.07023258463542
1990,19.900000000000002,76.07189925130209
1991,19.91,76.07356591796875
1992,19.92,76.07523258463542
1993,19.93,76.07689925130208
1994,19.94,76.07856591796875
1995,19.95,76.08023258463541
1996,19.96,76.08189925130209
1997,19.97,76.08356591796876
1998,19.98,76.08523258463542
1999,19.990000000000002,76.08689925130209
2000,20.0,76.08856591796875
2001,20.01,76.09023258463542
2002,20.02,76.09189925130208
2003,20.03,76.09356591796875
2004,20.04,76.09523258463541
2005,20.05,76.09689925130209
2006,20.06,76.09856591796876
2007,20.07,76.10023258463542
2008,20.080000000000002,76.10189925130209
2009,20.09,76.10356591796875
2010,20.1,76.10523258463542
2011,20.11,76.10689925130208
2012,20.12,76.10856591796875
2013,20.13,76.11023258463541
2014,20.14,76.11189925130209
2015,20.150000000000002,76.11356591796876
2016,20.16,76.11523258463542
2017,20.17,76.11689925130209
2018,20.18,76.11856591796875
2019,20.19,76.12023258463542
2020,20.2,76.12189925130208
2021,20.21,76.12356591796875
2022,20.22,76.12523258463541
2023,20.23,76.12689925130209
2024,20.240000000000002,76.12856591796876
2025,20.25,76.13023258463542
2026,20.26,76.13189925130209
2027,20.27,76.13356591796875
2028,20.28,76.13523258463542
2029,20.29,76.13689925130208
2030,20.3,76.13856591796875
2031,20.31,76.14023258463541
2032,20.32,76.14189925130209
2033,20.330000000000002,76.14356591796876
2034,20.34,76.14523258463542
2035,20.35,76.14689925130209
2036,20.36,76.14856591796875
2037,20.37,76.15023258463542
2038,20.38,76.15189925130208
2039,20.39,76.15356591796875
2040,20.400000000000002,76.15523258463541
2041,20.41,76.15689925130208
2042,20.42,76.15856591796876
2043,20.43,76.16023258463542
2044,20.44,76.16189925130209
2045,20.45,76.16356591796875
2046,20.46,76.16523258463542
2047,20.47,76.16689925130208
2048,20.48,76.16856591796875
2049,20.490000000000002,76.17023258463541
2050,20.5,76.17189925130208
2051,20.51,76.17356591796876
2052,20.52,76.17523258463542
2053,20.53,76.17689925130209
2054,20.54,76.17856591796875
2055,20.55,76.18023258463542
2056,20.56,76.18189925130208
2057,20.57,76.18356591796875
2058,20.580000000000002,76.18523258463541
2059,20.59,76.18689925130208
2060,20.6,76.18856591796876
2061,20.61,76.19023258463542
2062,20.62,76.19189925130209
2063,20.63,76.19356591796875
2064,20.64,76.19523258463542
2065,20.650000000000002,76.19689925130209
2066,20.66,76.19856591796875
2067,20.67,76.20023258463542
2068,20.68,76.20189925130208
2069,20.69,76.20356591796876
2070,20.7,76.20523258463543
2071,20.71,76.20689925130209
2072,20.72,76.20856591796876
2073,20.73,76.21023258463542
2074,20.740000000000002,76.21189925130209
2075,20.75,76.21356591796875
2076,20.76,76.21523258463542
2077,20.77,76.21689925130208
2078,20.78,76.21856591796876
2079,20.79,76.22023258463543
2080,20.8,76.22189925130209
2081,20.81,76.22356591796876
2082,20.82,76.22523258463542
2083,20.830000000000002,76.22689925130209
2084,20.84,76.22856591796875
2085,20.85,76.23023258463542
2086,20.86,76.23189925130208
2087,20.87,76.23356591796875
2088,20.88,76.23523258463543
2089,20.89,76.23689925130209
2090,20.900000000000002,76.23856591796876
2091,20.91,76.24023258463542
2092,20.92,76.24189925130209
2093,20.93,76.24356591796875
2094,20.94,76.24523258463542
2095,20.95,76.24689925130208
2096,20.96,76.24856591796875
2097,20.97,76.25023258463543
2098,20.98,76.25189925130209
2099,20.990000000000002,76.25356591796876
2100,21.0,76.25523258463542
2101,21.01,76.25689925130209
2102,21.02,76.25856591796875
2103,21.03,76.26023258463542
2104,21.04,76.26189925130208
2105,21.05,76.26356591796875
2106,21.06,76.26523258463543
2107,21.07,76.26689925130209
2108,21.080000000000002,76.26856591796876
2109,21.09,76.27023258463542
2110,21.1,76.27189925130209
2111,21.11,76.27356591796875
2112,21.12,76.27523258463542
2113,21.13,76.27689925130208
2114,21.14,76.27856591796875
2115,21.150000000000002,76.28023258463543
2116,21.16,76.2818992513021
2117,21.17,76.28356591796876
2118,21.18,76.28523258463542
2119,21.19,76.28689925130209
2120,21.2,76.28856591796875
2121,21.21,76.29023258463542
2122,21.22,76.29189925130208
2123,21.23,76.29356591796875
2124,21.240000000000002,76.29523258463543
2125,21.25,76.2968992513021
2126,21.26,76.29856591796876
2127,21.27,76.30023258463542
2128,21.28,76.30189925130209
2129,21.29,76.30356591796875
2130,21.3,76.30523258463542
2131,21.31,76.30689925130208
2132,21.32,76.30856591796875
2133,21.330000000000002,76.31023258463541
2134,21.34,76.3118992513021
2135,21.35,76.31356591796876
2136,21.36,76.31523258463542
2137,21.37,76.31689925130209
2138,21.38,76.31856591796875
2139,21.39,76.32023258463542
2140,21.400000000000002,76.32189925130209
2141,21.41,76.32356591796875
2142,21.42,76.32523258463542
2143,21.43,76.3268992513021
2144,21.44,76.32856591796876
2145,21.45,76.33023258463543
2146,21.46,76.33189925130209
2147,21.47,76.33356591796876
2148,21.48,76.33523258463542
2149,21.490000000000002,76.33689925130209
2150,21.5,76.33856591796875
2151,21.51,76.34023258463542
2152,21.52,76.3418992513021
2153,21.53,76.34356591796876
2154,21.54,76.34523258463543
2155,21.55,76.34689925130209
2156,21.56,76.34856591796876
2157,21.57,76.35023258463542
2158,21.580000000000002,76.35189925130209
2159,21.59,76.35356591796875
2160,21.6,76.35523258463542
2161,21.61,76.35689925130208
2162,21.62,76.35856591796876
2163,21.63,76.36023258463543
2164,21.64,76.36189925130209
2165,21.650000000000002,76.36356591796876
2166,21.66,76.36523258463542
2167,21.67,76.36689925130209
2168,21.68,76.36856591796875
2169,21.69,76.37023258463542
2170,21.7,76.37189925130208
2171,21.71,76.37356591796876
2172,21.72,76.37523258463543
2173,21.73,76.37689925130209
2174,21.740000000000002,76.37856591796876
2175,21.75,76.38023258463542
2176,21.76,76.38189925130209
2177,21.77,76.38356591796875
2178,21.78,76.38523258463542
2179,21.79,76.38689925130208
2180,21.8,76.38856591796876
2181,21.81,76.39023258463543
2182,21.82,76.39189925130209
2183,21.830000000000002,76.39356591796876
2184,21.84,76.39523258463542
2185,21.85,76.39689925130209
2186,21.86,76.39856591796875
2187,21.87,76.40023258463542
2188,21.88,76.40189925130208
2189,21.89,76.40356591796876
2190,21.900000000000002,76.40523258463543
2191,21.91,76.4068992513021
2192,21.92,76.40856591796876
2193,21.93,76.41023258463542
2194,21.94,76.41189925130209
2195,21.95,76.41356591796875
2196,21.96,76.41523258463542
2197,21.97,76.41689925130208
2198,21.98,76.41856591796876
2199,21.990000000000002,76.42023258463543
2200,22.0,76.4218992513021
2201,22.01,76.42356591796876
2202,22.02,76.42523258463542
2203,22.03,76.42689925130209
2204,22.04,76.42856591796875
2205,22.05,76.43023258463542
2206,22.06,76.43189925130208
2207,22.07,76.43356591796875
2208,22.080000000000002,76.43523258463543
2209,22.09,76.4368992513021
2210,22.1,76.43856591796876
2211,22.11,76.44023258463542
2212,22.12,76.44189925130209
2213,22.13,76.44356591796875
2214,22.14,76.44523258463542
2215,22.150000000000002,76.44689925130209
2216,22.16,76.44856591796875
2217,22.17,76.45023258463543
2218,22.18,76.4518992513021
2219,22.19,76.45356591796876
2220,22.2,76.45523258463543
2221,22.21,76.45689925130209
2222,22.22,76.45856591796876
2223,22.23,76.46023258463542
2224,22.240000000000002,76.46189925130209
2225,22.25,76.46356591796875
2226,22.26,76.46523258463543
2227,22.27,76.4668992513021
2228,22.28,76.46856591796876
2229,22.29,76.47023258463543
2230,22.3,76.47189925130209
2231,22.31,76.47356591796876
2232,22.32,76.47523258463542
2233,22.330000000000002,76.47689925130209
2234,22.34,76.47856591796875
2235,22.35,76.48023258463543
2236,22.36,76.4818992513021
2237,22.37,76.48356591796876
2238,22.38,76.48523258463543
2239,22.39,76.48689925130209
2240,22.400000000000002,76.48856591796876
2241,22.41,76.49023258463542
2242,22.42,76.49189925130209
2243,22.43,76.49356591796875
2244,22.44,76.49523258463542
2245,22.45,76.4968992513021
2246,22.46,76.49856591796876
2247,22.47,76.50023258463543
2248,22.48,76.50189925130209
2249,22.490000000000002,76.50356591796876
2250,22.5,76.50523258463542
2251,22.51,76.50689925130209
2252,22.52,76.50856591796875
2253,22.53,76.51023258463542
2254,22.54,76.5118992513021
2255,22.55,76.51356591796876
2256,22.56,76.51523258463543
2257,22.57,76.51689925130209
2258,22.580000000000002,76.51856591796876
2259,22.59,76.52023258463542
2260,22.6,76.52189925130209
2261,22.61,76.52356591796875
2262,22.62,76.52523258463542
2263,22.63,76.5268992513021
2264,22.64,76.52856591796876
2265,22.650000000000002,76.53023258463543
2266,22.66,76.5318992513021
2267,22.67,76.53356591796876
2268,22.68,76.53523258463542
2269,22.69,76.53689925130209
2270,22.7,76.53856591796875
2271,22.71,76.54023258463542
2272,22.72,76.54189925130208
2273,22.73,76.54356591796876
2274,22.740000000000002,76.54523258463543
2275,22.75,76.5468992513021
2276,22.76,76.54856591796876
2277,22.77,76.55023258463542
2278,22.78,76.55189925130209
2279,22.79,76.55356591796875
2280,22.8,76.55523258463542
2281,22.81,76.55689925130208
2282,22.82,76.55856591796876
2283,22.830000000000002,76.56023258463543
2284,22.84,76.5618992513021
2285,22.85,76.56356591796876
2286,22.86,76.56523258463542
2287,22.87,76.56689925130209
2288,22.88,76.56856591796875
2289,22.89,76.57023258463542
2290,22.900000000000002,76.57189925130209
2291,22.91,76.57356591796876
2292,22.92,76.57523258463543
2293,22.93,76.5768992513021
2294,22.94,76.57856591796876
2295,22.95,76.58023258463543
2296,22.96,76.58189925130209
2297,22.97,76.58356591796876
2298,22.98,76.58523258463542
2299,22.990000000000002,76.58689925130209
2300,23.0,76.58856591796877
2301,23.01,76.59023258463543
2302,23.02,76.5918992513021
2303,23.03,76.59356591796876
2304,23.04,76.59523258463543
2305,23.05,76.59689925130209
2306,23.06,76.59856591796876
2307,23.07,76.60023258463542
2308,23.080000000000002,76.60189925130209
2309,23.09,76.60356591796877
2310,23.1,76.60523258463543
2311,23.11,76.6068992513021
2312,23.12,76.60856591796876
2313,23.13,76.61023258463543
2314,23.14,76.61189925130209
2315,23.150000000000002,76.61356591796876
2316,23.16,76.61523258463542
2317,23.17,76.61689925130209
2318,23.18,76.61856591796875
2319,23.19,76.62023258463543
2320,23.2,76.6218992513021
2321,23.21,76.62356591796876
2322,23.22,76.62523258463543
2323,23.23,76.62689925130209
2324,23.240000000000002,76.62856591796876
2325,23.25,76.63023258463542
2326,23.26,76.63189925130209
2327,23.27,76.63356591796875
2328,23.28,76.63523258463543
2329,23.29,76.6368992513021
2330,23.3,76.63856591796876
2331,23.31,76.64023258463543
2332,23.32,76.64189925130209
2333,23.330000000000002,76.64356591796876
2334,23.34,76.64523258463542
2335,23.35,76.64689925130209
2336,23.36,76.64856591796875
2337,23.37,76.65023258463543
2338,23.38,76.6518992513021
2339,23.39,76.65356591796876
2340,23.400000000000002,76.65523258463543
2341,23.41,76.6568992513021
2342,23.42,76.65856591796876
2343,23.43,76.66023258463542
2344,23.44,76.66189925130209
2345,23.45,76.66356591796875
2346,23.46,76.66523258463543
2347,23.47,76.6668992513021
2348,23.48,76.66856591796876
2349,23.490000000000002,76.67023258463543
2350,23.5,76.6718992513021
2351,23.51,76.67356591796876
2352,23.52,76.67523258463542
2353,23.53,76.67689925130209
2354,23.54,76.67856591796875
2355,23.55,76.68023258463543
2356,23.56,76.6818992513021
2357,23.57,76.68356591796876
2358,23.580000000000002,76.68523258463543
2359,23.59,76.6868992513021
2360,23.6,76.68856591796876
2361,23.61,76.69023258463542
2362,23.62,76.69189925130209
2363,23.63,76.69356591796875
2364,23.64,76.69523258463542
2365,23.650000000000002,76.6968992513021
2366,23.66,76.69856591796876
2367,23.67,76.70023258463543
2368,23.68,76.7018992513021
2369,23.69,76.70356591796876
2370,23.7,76.70523258463543
2371,23.71,76.70689925130209
2372,23.72,76.70856591796876
2373,23.73,76.71023258463542
2374,23.740000000000002,76.7118992513021
2375,23.75,76.71356591796877
2376,23.76,76.71523258463543
2377,23.77,76.7168992513021
2378,23.78,76.71856591796876
2379,23.79,76.72023258463543
2380,23.8,76.72189925130209
2381,23.81,76.72356591796876
2382,23.82,76.72523258463542
2383,23.830000000000002,76.7268992513021
2384,23.84,76.72856591796877
2385,23.85,76.73023258463543
2386,23.86,76.7318992513021
2387,23.87,76.73356591796876
2388,23.88,76.73523258463543
2389,23.89,76.73689925130209
2390,23.900000000000002,76.73856591796876
2391,23.91,76.74023258463542
2392,23.92,76.7418992513021
2393,23.93,76.74356591796877
2394,23.94,76.74523258463543
2395,23.95,76.7468992513021
2396,23.96,76.74856591796876
2397,23.97,76.75023258463543
2398,23.98,76.75189925130209
2399,23.990000000000002,76.75356591796876
2400,24.0,76.75523258463542
2401,24.01,76.7568992513021
2402,24.02,76.75856591796877
2403,24.03,76.76023258463543
2404,24.04,76.7618992513021
2405,24.05,76.76356591796876
2406,24.060000000000002,76.76523258463543
2407,24.07,76.76689925130209
2408,24.080000000000002,76.76856591796876
2409,24.09,76.77023258463542
2410,24.1,76.77189925130209
2411,24.11,76.77356591796877
2412,24.12,76.77523258463543
2413,24.13,76.7768992513021
2414,24.14,76.77856591796876
2415,24.150000000000002,76.78023258463543
2416,24.16,76.7818992513021
2417,24.17,76.78356591796876
2418,24.18,76.78523258463542
2419,24.19,76.78689925130209
2420,24.2,76.78856591796877
2421,24.21,76.79023258463543
2422,24.22,76.7918992513021
2423,24.23,76.79356591796876
2424,24.240000000000002,76.79523258463543
2425,24.25,76.7968992513021
2426,24.26,76.79856591796876
2427,24.27,76.80023258463542
2428,24.28,76.80189925130209
2429,24.29,76.80356591796877
2430,24.3,76.80523258463543
2431,24.310000000000002,76.8068992513021
2432,24.32,76.80856591796876
2433,24.330000000000002,76.81023258463543
2434,24.34,76.8118992513021
2435,24.35,76.81356591796876
2436,24.36,76.81523258463542
2437,24.37,76.81689925130209
2438,24.38,76.81856591796875
2439,24.39,76.82023258463543
2440,24.400000000000002,76.8218992513021
2441,24.41,76.82356591796876
2442,24.42,76.82523258463543
2443,24.43,76.8268992513021
2444,24.44,76.82856591796876
2445,24.45,76.83023258463543
2446,24.46,76.83189925130209
2447,24.47,76.83356591796876
2448,24.48,76.83523258463543
2449,24.490000000000002,76.8368992513021
2450,24.5,76.83856591796877
2451,24.51,76.84023258463543
2452,24.52,76.8418992513021
2453,24.53,76.84356591796876
2454,24.54,76.84523258463543
2455,24.55,76.84689925130209
2456,24.560000000000002,76.84856591796876
2457,24.57,76.85023258463544
2458,24.580000000000002,76.8518992513021
2459,24.59,76.85356591796877
2460,24.6,76.85523258463543
2461,24.61,76.8568992513021
2462,24.62,76.85856591796876
2463,24.63,76.86023258463543
2464,24.64,76.86189925130209
2465,24.650000000000002,76.86356591796876
2466,24.66,76.86523258463544
2467,24.67,76.8668992513021
2468,24.68,76.86856591796877
2469,24.69,76.87023258463543
2470,24.7,76.8718992513021
2471,24.71,76.87356591796876
2472,24.72,76.87523258463543
2473,24.73,76.87689925130209
2474,24.740000000000002,76.87856591796876
2475,24.75,76.88023258463544
2476,24.76,76.8818992513021
2477,24.77,76.88356591796877
2478,24.78,76.88523258463543
2479,24.79,76.8868992513021
2480,24.8,76.88856591796876
2481,24.810000000000002,76.89023258463543
2482,24.82,76.89189925130209
2483,24.830000000000002,76.89356591796876
2484,24.84,76.89523258463542
2485,24.85,76.8968992513021
2486,24.86,76.89856591796877
2487,24.87,76.90023258463543
2488,24.88,76.9018992513021
2489,24.89,76.90356591796876
2490,24.900000000000002,76.90523258463543
2491,24.91,76.9068992513021
2492,24.92,76.90856591796876
2493,24.93,76.91023258463542
2494,24.94,76.9118992513021
2495,24.95,76.91356591796877
2496,24.96,76.91523258463543
2497,24.97,76.9168992513021
2498,24.98,76.91856591796876
2499,24.990000000000002,76.92023258463543
2500,25.0,76.9218992513021
2501,25.01,76.92356591796876
2502,25.02,76.92523258463542
2503,25.03,76.9268992513021
2504,25.04,76.92856591796877
2505,25.05,76.93023258463543
2506,25.060000000000002,76.9318992513021
2507,25.07,76.93356591796876
2508,25.080000000000002,76.93523258463543
2509,25.09,76.9368992513021
2510,25.1,76.93856591796876
2511,25.11,76.94023258463542
2512,25.12,76.9418992513021
2513,25.13,76.94356591796877
2514,25.14,76.94523258463543
2515,25.150000000000002,76.9468992513021
2516,25.16,76.94856591796876
2517,25.17,76.95023258463543
2518,25.18,76.9518992513021
2519,25.19,76.95356591796876
2520,25.2,76.95523258463543
2521,25.21,76.9568992513021
2522,25.22,76.95856591796877
2523,25.23,76.96023258463543
2524,25.240000000000002,76.9618992513021
2525,25.25,76.96356591796877
2526,25.26,76.96523258463543
2527,25.27,76.9668992513021
2528,25.28,76.96856591796876
2529,25.29,76.97023258463543
2530,25.3,76.97189925130209
2531,25.310000000000002,76.97356591796877
2532,25.32,76.97523258463544
2533,25.330000000000002,76.9768992513021
2534,25.34,76.97856591796877
2535,25.35,76.98023258463543
2536,25.36,76.9818992513021
2537,25.37,76.98356591796876
2538,25.38,76.98523258463543
2539,25.39,76.98689925130209
2540,25.400000000000002,76.98856591796877
2541,25.41,76.99023258463544
2542,25.42,76.9918992513021
2543,25.43,76.99356591796877
2544,25.44,76.99523258463543
2545,25.45,76.9968992513021
2546,25.46,76.99856591796876
2547,25.47,77.00069775390627
2548,25.48,77.00569775390626
2549,25.490000000000002,77.01069775390627
2550,25.5,77.01569775390627
2551,25.51,77.02069775390626
2552,25.52,77.02569775390626
2553,25.53,77.03069775390627
2554,25.54,77.03569775390626
2555,25.55,77.04069775390626
2556,25.560000000000002,77.04569775390627
2557,25.57,77.05069775390626
2558,25.580000000000002,77.05569775390626
2559,25.59,77.06069775390627
2560,25.6,77.06569775390626
2561,25.61,77.07069775390626
2562,25.62,77.07569775390627
2563,25.63,77.08069775390626
2564,25.64,77.08569775390626
2565,25.650000000000002,77.09069775390627
2566,25.66,77.09569775390626
2567,25.67,77.10069775390626
2568,25.68,77.10569775390627
2569,25.69,77.11069775390627
2570,25.7,77.11569775390626
2571,25.71,77.12069775390627
2572,25.72,77.12569775390627
2573,25.73,77.13069775390626
2574,25.740000000000002,77.13569775390627
2575,25.75,77.14069775390627
2576,25.76,77.14569775390626
2577,25.77,77.15069775390626
2578,25.78,77.15569775390627
2579,25.79,77.16069775390626
2580,25.8,77.16569775390626
2581,25.810000000000002,77.17069775390627
2582,25.82,77.17569775390626
2583,25.830000000000002,77.18069775390626
2584,25.84,77.18569775390627
2585,25.85,77.19069775390626
2586,25.86,77.19569775390626
2587,25.87,77.20069775390627
2588,25.88,77.20569775390626
2589,25.89,77.21069775390626
2590,25.900000000000002,77.21569775390627
2591,25.91,77.22069775390626
2592,25.92,77.22569775390626
2593,25.93,77.23069775390627
2594,25.94,77.23569775390627
2595,25.95,77.24069775390626
2596,25.96,77.24569775390627
2597,25.97,77.25069775390627
2598,25.98,77.25569775390626
2599,25.990000000000002,77.26069775390626
2600,26.0,77.26569775390627
2601,26.01,77.27069775390626
2602,26.02,77.27569775390626
2603,26.03,77.28069775390627
2604,26.04,77.28569775390626
2605,26.05,77.29069775390626
2606,26.060000000000002,77.29569775390627
2607,26.07,77.30069775390626
2608,26.080000000000002,77.30569775390626
2609,26.09,77.31069775390627
2610,26.1,77.31569775390626
2611,26.11,77.32069775390626
2612,26.12,77.32569775390627
2613,26.13,77.33069775390626
2614,26.14,77.33569775390626
2615,26.150000000000002,77.34069775390627
2616,26.16,77.34569775390626
2617,26.17,77.35069775390626
2618,26.18,77.35569775390626
2619,26.19,77.36069775390627
2620,26.2,77.36569775390626
2621,26.21,77.37069775390626
2622,26.22,77.37569775390627
2623,26.23,77.38069775390626
2624,26.240000000000002,77.38569775390626
2625,26.25,77.39069775390627
2626,26.26,77.39569775390626
2627,26.27,77.40069775390626
2628,26.28,77.40569775390627
2629,26.29,77.41069775390626
2630,26.3,77.41569775390626
2631,26.310000000000002,77.42069775390627
2632,26.32,77.42569775390626
2633,26.330000000000002,77.43069775390626
2634,26.34,77.43569775390627
2635,26.35,77.44069775390626
2636,26.36,77.44569775390626
2637,26.37,77.45069775390627
2638,26.38,77.45569775390626
2639,26.39,77.46069775390626
2640,26.400000000000002,77.46569775390627
2641,26.41,77.47069775390626
2642,26.42,77.47569775390626
2643,26.43,77.48069775390626
2644,26.44,77.48569775390627
2645,26.45,77.49069775390626
2646,26.46,77.49569775390626
2647,26.47,77.50069775390627
2648,26.48,77.50569775390626
2649,26.490000000000002,77.51069775390626
2650,26.5,77.51569775390627
2651,26.51,77.52069775390626
2652,26.52,77.52569775390626
2653,26.53,77.53069775390627
2654,26.54,77.53569775390626
2655,26.55,77.54069775390626
2656,26.560000000000002,77.54569775390627
2657,26.57,77.55069775390626
2658,26.580000000000002,77.55569775390626
2659,26.59,77.56069775390625
2660,26.6,77.56569775390626
2661,26.61,77.57069775390626
2662,26.62,77.57569775390625
2663,26.63,77.58069775390626
2664,26.64,77.58569775390626
2665,26.650000000000002,77.59069775390626
2666,26.66,77.59569775390626
2667,26.67,77.60069775390626
2668,26.68,77.60569775390626
2669,26.69,77.61069775390627
2670,26.7,77.61569775390626
2671,26.71,77.62069775390626
2672,26.72,77.62569775390627
2673,26.73,77.63069775390626
2674,26.740000000000002,77.63569775390626
2675,26.75,77.64069775390627
2676,26.76,77.64569775390626
2677,26.77,77.65069775390626
2678,26.78,77.65569775390627
2679,26.79,77.66069775390626
2680,26.8,77.66569775390626
2681,26.810000000000002,77.67069775390627
2682,26.82,77.67569775390626
2683,26.830000000000002,77.68069775390626
2684,26.84,77.68569775390625
2685,26.85,77.69069775390626
2686,26.86,77.69569775390626
2687,26.87,77.70069775390625
2688,26.88,77.70569775390626
2689,26.89,77.71069775390626
2690,26.900000000000002,77.71569775390626
2691,26.91,77.72069775390626
2692,26.92,77.72569775390626
2693,26.93,77.73069775390626
2694,26.94,77.73569775390627
2695,26.95,77.74069775390626
2696,26.96,77.74569775390626
2697,26.97,77.75069775390625
2698,26.98,77.75569775390626
2699,26.990000000000002,77.76069775390626
2700,27.0,77.76569775390625
2701,27.01,77.77069775390626
2702,27.02,77.77569775390626
2703,27.03,77.78069775390625
2704,27.04,77.78569775390626
2705,27.05,77.79069775390626
2706,27.060000000000002,77.79569775390625
2707,27.07,77.80069775390626
2708,27.080000000000002,77.80569775390626
2709,27.09,77.81069775390625
2710,27.1,77.81569775390626
2711,27.11,77.82069775390626
2712,27.12,77.82569775390625
2713,27.13,77.83069775390626
2714,27.14,77.83569775390626
2715,27.150000000000002,77.84069775390626
2716,27.16,77.84569775390626
2717,27.17,77.85069775390626
2718,27.18,77.85569775390626
2719,27.19,77.86069775390627
2720,27.2,77.86569775390626
2721,27.21,77.87069775390626
2722,27.22,77.87569775390625
2723,27.23,77.88069775390626
2724,27.240000000000002,77.88569775390626
2725,27.25,77.89069775390625
2726,27.26,77.89569775390626
2727,27.27,77.90069775390626
2728,27.28,77.90569775390625
2729,27.29,77.91069775390626
2730,27.3,77.91569775390626
2731,27.310000000000002,77.92069775390625
2732,27.32,77.92569775390626
2733,27.330000000000002,77.93069775390626
2734,27.34,77.93569775390625
2735,27.35,77.94069775390626
2736,27.36,77.94569775390626
2737,27.37,77.95069775390625
2738,27.38,77.95569775390626
2739,27.39,77.96069775390626
2740,27.400000000000002,77.96569775390626
2741,27.41,77.97069775390626
2742,27.42,77.97569775390626
2743,27.43,77.98069775390626
2744,27.44,77.98569775390627
2745,27.45,77.99069775390626
2746,27.46,77.99569775390626
2747,27.47,78.00069775390625
2748,27.48,78.00569775390626
2749,27.490000000000002,78.01069775390626
2750,27.5,78.01569775390625
2751,27.51,78.02069775390626
2752,27.52,78.02569775390626
2753,27.53,78.03069775390625
2754,27.54,78.03569775390626
2755,27.55,78.04069775390626
2756,27.560000000000002,78.04569775390625
2757,27.57,78.05069775390626
2758,27.580000000000002,78.05569775390626
2759,27.59,78.06069775390625
2760,27.6,78.06569775390626
2761,27.61,78.07069775390626
2762,27.62,78.07569775390625
2763,27.63,78.08069775390625
2764,27.64,78.08569775390626
2765,27.650000000000002,78.09069775390626
2766,27.66,78.09569775390625
2767,27.67,78.10069775390626
2768,27.68,78.10569775390626
2769,27.69,78.11069775390625
2770,27.7,78.11569775390626
2771,27.71,78.12069775390626
2772,27.72,78.12569775390625
2773,27.73,78.13069775390626
2774,27.740000000000002,78.13569775390626
2775,27.75,78.14069775390625
2776,27.76,78.14569775390626
2777,27.77,78.15069775390626
2778,27.78,78.15569775390625
2779,27.79,78.16069775390626
2780,27.8,78.16569775390626
2781,27.810000000000002,78.17069775390625
2782,27.82,78.17569775390626
2783,27.830000000000002,78.18069775390626
2784,27.84,78.18569775390625
2785,27.85,78.19069775390626
2786,27.86,78.19569775390626
2787,27.87,78.20069775390625
2788,27.88,78.20569775390625
2789,27.89,78.21069775390626
2790,27.900000000000002,78.21569775390626
2791,27.91,78.22069775390625
2792,27.92,78.22569775390626
2793,27.93,78.23069775390626
2794,27.94,78.23569775390625
2795,27.95,78.24069775390626
2796,27.96,78.24569775390626
2797,27.97,78.25069775390625
2798,27.98,78.25569775390626
2799,27.990000000000002,78.26069775390626
2800,28.0,78.26569775390625
2801,28.01,78.27069775390626
2802,28.02,78.27569775390626
2803,28.03,78.28069775390625
2804,28.04,78.28569775390625
2805,28.05,78.29069775390626
2806,28.060000000000002,78.29569775390625
2807,28.07,78.30069775390625
2808,28.080000000000002,78.30569775390626
2809,28.09,78.31069775390625
2810,28.1,78.31569775390625
2811,28.11,78.32069775390626
2812,28.12,78.32569775390625
2813,28.13,78.33069775390625
2814,28.14,78.33569775390626
2815,28.150000000000002,78.34069775390626
2816,28.16,78.34569775390625
2817,28.17,78.35069775390626
2818,28.18,78.35569775390626
2819,28.19,78.36069775390625
2820,28.2,78.36569775390626
2821,28.21,78.37069775390626
2822,28.22,78.37569775390625
2823,28.23,78.38069775390626
2824,28.240000000000002,78.38569775390626
2825,28.25,78.39069775390625
2826,28.26,78.39569775390626
2827,28.27,78.40069775390626
2828,28.28,78.40569775390625
2829,28.29,78.41069775390625
2830,28.3,78.41569775390626
2831,28.310000000000002,78.42069775390625
2832,28.32,78.42569775390625
2833,28.330000000000002,78.43069775390626
2834,28.34,78.43569775390625
2835,28.35,78.44069775390625
2836,28.36,78.44569775390626
2837,28.37,78.45069775390625
2838,28.38,78.45569775390625
2839,28.39,78.46069775390626
2840,28.400000000000002,78.46569775390626
2841,28.41,78.47069775390625
2842,28.42,78.47569775390626
2843,28.43,78.48069775390626
2844,28.44,78.48569775390625
2845,28.45,78.49069775390626
2846,28.46,78.49569775390626
2847,28.47,78.50069775390625
2848,28.48,78.50569775390625
2849,28.490000000000002,78.51069775390626
2850,28.5,78.51569775390625
2851,28.51,78.52069775390625
2852,28.52,78.52569775390626
2853,28.53,78.53069775390625
2854,28.54,78.53569775390625
2855,28.55,78.54069775390626
2856,28.560000000000002,78.54569775390625
2857,28.57,78.55069775390625
2858,28.580000000000002,78.55569775390626
2859,28.59,78.56069775390625
2860,28.6,78.56569775390625
2861,28.61,78.57069775390626
2862,28.62,78.57569775390625
2863,28.63,78.58069775390625
2864,28.64,78.58569775390626
2865,28.650000000000002,78.59069775390626
2866,28.66,78.59569775390625
2867,28.67,78.60069775390626
2868,28.68,78.60569775390626
2869,28.69,78.61069775390625
2870,28.7,78.61569775390625
2871,28.71,78.62069775390626
2872,28.72,78.62569775390625
2873,28.73,78.63069775390625
2874,28.740000000000002,78.63569775390626
2875,28.75,78.64069775390625
2876,28.76,78.64569775390625
2877,28.77,78.65069775390626
2878,28.78,78.65569775390625
2879,28.79,78.66069775390625
2880,28.8,78.66569775390626
2881,28.810000000000002,78.67069775390625
2882,28.82,78.67569775390625
2883,28.830000000000002,78.68069775390626
2884,28.84,78.68569775390625
2885,28.85,78.69069775390625
2886,28.86,78.69569775390626
2887,28.87,78.70069775390625
2888,28.88,78.70569775390625
2889,28.89,78.71069775390626
2890,28.900000000000002,78.71569775390626
2891,28.91,78.72069775390625
2892,28.92,78.72569775390626
2893,28.93,78.73069775390626
2894,28.94,78.73569775390625
2895,28.95,78.74069775390625
2896,28.96,78.74569775390626
2897,28.97,78.75069775390625
2898,28.98,78.75569775390625
2899,28.990000000000002,78.76069775390626
2900,29.0,78.76569775390625
2901,29.01,78.77069775390625
2902,29.02,78.77569775390626
2903,29.03,78.78069775390625
2904,29.04,78.78569775390625
2905,29.05,78.79069775390626
2906,29.060000000000002,78.79569775390625
2907,29.07,78.80069775390625
2908,29.080000000000002,78.80569775390626
2909,29.09,78.81069775390625
2910,29.1,78.81569775390625
2911,29.11,78.82069775390624
2912,29.12,78.82569775390625
2913,29.13,78.83069775390625
2914,29.14,78.83569775390625
2915,29.150000000000002,78.84069775390626
2916,29.16,78.84569775390625
2917,29.17,78.85069775390625
2918,29.18,78.85569775390626
2919,29.19,78.86069775390625
2920,29.2,78.86569775390625
2921,29.21,78.87069775390626
2922,29.22,78.87569775390625
2923,29.23,78.88069775390625
2924,29.240000000000002,78.88569775390626
2925,29.25,78.89069775390625
2926,29.26,78.89569775390625
2927,29.27,78.90069775390626
2928,29.28,78.90569775390625
2929,29.29,78.91069775390625
2930,29.3,78.91569775390626
2931,29.310000000000002,78.92069775390625
2932,29.32,78.92569775390625
2933,29.330000000000002,78.93069775390626
2934,29.34,78.93569775390625
2935,29.35,78.94069775390625
2936,29.36,78.94569775390624
2937,29.37,78.95069775390625
2938,29.38,78.95569775390625
2939,29.39,78.96069775390625
2940,29.400000000000002,78.96569775390626
2941,29.41,78.97069775390625
2942,29.42,78.97569775390625
2943,29.43,78.98069775390626
2944,29.44,78.98569775390625
2945,29.45,78.99069775390625
2946,29.46,78.99569775390626
2947,29.47,79.0
2948,29.48,79.0
2949,29.490000000000002,79.0
2950,29.5,79.0
2951,29.51,79.0
2952,29.52,79.0
2953,29.53,79.0
2954,29.54,79.0
2955,29.55,79.0
2956,29.560000000000002,79.0
2957,29.57,79.0
2958,29.580000000000002,79.0
2959,29.59,79.0
2960,29.6,79.0
2961,29.61,79.0
2962,29.62,79.0
2963,29.63,79.0
2964,29.64,79.0
2965,29.650000000000002,79.0
2966,29.66,79.0
2967,29.67,79.0
2968,29.68,79.0
2969,29.69,79.0
2970,29.7,79.0
2971,29.71,79.0
2972,29.72,79.0
2973,29.73,79.0
2974,29.740000000000002,79.0
2975,29.75,79.0
2976,29.76,79.0
2977,29.77,79.0
2978,29.78,79.0
2979,29.79,79.0
2980,29.8,79.0
2981,29.810000000000002,79.0
2982,29.82,79.0
2983,29.830000000000002,79.0
2984,29.84,79.0
2985,29.85,79.0
2986,29.86,79.0
2987,29.87,79.0
2988,29.88,79.0
2989,29.89,79.0
2990,29.900000000000002,79.0
2991,29.91,79.0
2992,29.92,79.0
2993,29.93,79.0
2994,29.94,79.0
2995,29.95,79.0
2996,29.96,79.0
2997,29.97,79.0
2998,29.98,79.0
2999,29.990000000000002,79.0
3000,30.0,79.0
3001,30.01,79.0
3002,30.02,79.0
3003,30.03,79.0
3004,30.04,79.0
3005,30.05,79.0
3006,30.060000000000002,79.0
3007,30.07,79.0
3008,30.080000000000002,79.0
3009,30.09,79.0
3010,30.1,79.0
3011,30.11,79.0
3012,30.12,79.0
3013,30.13,79.0
3014,30.14,79.0
3015,30.150000000000002,79.0
3016,30.16,79.0
3017,30.17,79.0
3018,30.18,79.0
3019,30.19,79.0
3020,30.2,79.0
3021,30.21,79.0
3022,30.22,79.0
3023,30.23,79.0
3024,30.240000000000002,79.0
3025,30.25,79.0
3026,30.26,79.0
3027,30.27,79.0
3028,30.28,79.0
3029,30.29,79.0
3030,30.3,79.0
3031,30.310000000000002,79.0
3032,30.32,79.0
3033,30.330000000000002,79.0
3034,30.34,79.0
3035,30.35,79.0
3036,30.36,79.0
3037,30.37,79.0
3038,30.38,79.0
3039,30.39,79.0
3040,30.400000000000002,79.0
3041,30.41,79.0
3042,30.42,79.0
3043,30.43,79.0
3044,30.44,79.0
3045,30.45,79.0
3046,30.46,79.0
3047,30.47,79.0
3048,30.48,79.0
3049,30.490000000000002,79.0
3050,30.5,79.0
3051,30.51,79.0
3052,30.52,79.0
3053,30.53,79.0
3054,30.54,79.0
3055,30.55,79.0
3056,30.560000000000002,79.0
3057,30.57,79.0
3058,30.580000000000002,79.0
3059,30.59,79.0
3060,30.6,79.0
3061,30.61,79.0
3062,30.62,79.0
3063,30.63,79.0
3064,30.64,79.0
3065,30.650000000000002,79.0
3066,30.66,79.0
3067,30.67,79.0
3068,30.68,79.0
3069,30.69,79.0
3070,30.7,79.0
3071,30.71,79.0
3072,30.72,79.0
3073,30.73,79.0
3074,30.740000000000002,79.0
3075,30.75,79.0
3076,30.76,79.0
3077,30.77,79.0
3078,30.78,79.0
3079,30.79,79.0
3080,30.8,79.0
3081,30.810000000000002,79.0
3082,30.82,79.0
3083,30.830000000000002,79.0
3084,30.84,79.0
3085,30.85,79.0
3086,30.86,79.0
3087,30.87,79.0
3088,30.88,79.0
3089,30.89,79.0
3090,30.900000000000002,79.0
3091,30.91,79.0
3092,30.92,79.0
3093,30.93,79.0
3094,30.94,79.0
3095,30.95,79.0
3096,30.96,79.0
3097,30.970000000000002,79.0
3098,30.98,79.0
3099,30.990000000000002,79.0
3100,31.0,79.0
3101,31.01,79.0
3102,31.02,79.0
3103,31.03,79.0
3104,31.04,79.0
3105,31.05,79.0
3106,31.060000000000002,79.0
3107,31.07,79.0
3108,31.080000000000002,79.0
3109,31.09,79.0
3110,31.1,79.0
3111,31.11,79.0
3112,31.12,79.0
3113,31.13,79.0
3114,31.14,79.0
3115,31.150000000000002,79.0
3116,31.16,79.0
3117,31.17,79.0
3118,31.18,79.0
3119,31.19,79.0
3120,31.2,79.0
3121,31.21,79.0
3122,31.220000000000002,79.0
3123,31.23,79.0
3124,31.240000000000002,79.0
3125,31.25,79.0
3126,31.26,79.0
3127,31.27,79.0
3128,31.28,79.0
3129,31.29,79.0
3130,31.3,79.0
3131,31.310000000000002,79.0
3132,31.32,79.0
3133,31.330000000000002,79.0
3134,31.34,79.0
3135,31.35,79.0
3136,31.36,79.0
3137,31.37,79.0
3138,31.38,79.0
3139,31.39,79.0
3140,31.400000000000002,79.0
3141,31.41,79.0
3142,31.42,79.0
3143,31.43,79.0
3144,31.44,79.0
3145,31.45,79.0
3146,31.46,79.0
3147,31.470000000000002,79.0
3148,31.48,79.0
3149,31.490000000000002,79.0
3150,31.5,79.0
3151,31.51,79.0
3152,31.52,79.0
3153,31.53,79.0
3154,31.54,79.0
3155,31.55,79.0
3156,31.560000000000002,79.0
3157,31.57,79.0
3158,31.580000000000002,79.0
3159,31.59,79.0
3160,31.6,79.0
3161,31.61,79.0
3162,31.62,79.0
3163,31.63,79.0
3164,31.64,79.0
3165,31.650000000000002,79.0
3166,31.66,79.0
3167,31.67,79.0
3168,31.68,79.0
3169,31.69,79.0
3170,31.7,79.0
3171,31.71,79.0
3172,31.720000000000002,79.0
3173,31.73,79.0
3174,31.740000000000002,79.0
3175,31.75,79.0
3176,31.76,79.0
3177,31.77,79.0
3178,31.78,79.0
3179,31.79,79.0
3180,31.8,79.0
3181,31.810000000000002,79.0
3182,31.82,79.0
3183,31.830000000000002,79.0
3184,31.84,79.0
3185,31.85,79.0
3186,31.86,79.0
3187,31.87,79.0
3188,31.88,79.0
3189,31.89,79.0
3190,31.900000000000002,79.0
3191,31.91,79.0
3192,31.92,79.0
3193,31.93,79.0
3194,31.94,79.0
3195,31.95,79.0
3196,31.96,79.0
3197,31.970000000000002,79.0
3198,31.98,79.0
3199,31.990000000000002,79.0
3200,32.0,79.0
3201,32.01,79.0
3202,32.02,79.0
3203,32.03,79.0
3204,32.04,79.0
3205,32.05,79.0
3206,32.06,79.0
3207,32.07,79.0
3208,32.08,79.0
3209,32.09,79.0
3210,32.1,79.0
3211,32.11,79.0
3212,32.12,79.0
3213,32.13,79.0
3214,32.14,79.0
3215,32.15,79.0
3216,32.160000000000004,79.0
3217,32.17,79.0
3218,32.18,79.0
3219,32.19,79.0
3220,32.2,79.0
3221,32.21,79.0
3222,32.22,79.0
3223,32.230000000000004,79.0
3224,32.24,79.0
3225,32.25,79.0
3226,32.26,79.0
3227,32.27,79.0
3228,32.28,79.0
3229,32.29,79.0
3230,32.3,79.0
3231,32.31,79.0
3232,32.32,79.0
3233,32.33,79.0
3234,32.34,79.0
3235,32.35,79.0
3236,32.36,79.0
3237,32.37,79.0
3238,32.38,79.0
3239,32.39,79.0
3240,32.4,79.0
3241,32.410000000000004,79.0
3242,32.42,79.0
3243,32.43,79.0
3244,32.44,79.0
3245,32.45,79.0
3246,32.46,79.0
3247,32.47,79.0
3248,32.480000000000004,79.0
3249,32.49,79.0
3250,32.5,79.0
3251,32.51,79.0
3252,32.52,79.0
3253,32.53,79.0
3254,32.54,79.0
3255,32.55,79.0
3256,32.56,79.0
3257,32.57,79.0
3258,32.58,79.0
3259,32.59,79.0
3260,32.6,79.0
3261,32.61,79.0
3262,32.62,79.0
3263,32.63,79.0
3264,32.64,79.0
3265,32.65,79.0
3266,32.660000000000004,79.0
3267,32.67,79.0
3268,32.68,79.0
3269,32.69,79.0
3270,32.7,79.0
3271,32.71,79.0
3272,32.72,79.0
3273,32.730000000000004,79.0
3274,32.74,79.0
3275,32.75,79.0
3276,32.76,79.0
3277,32.77,79.0
3278,32.78,79.0
3279,32.79,79.0
3280,32.8,79.0
3281,32.81,79.0
3282,32.82,79.0
3283,32.83,79.0
3284,32.84,79.0
3285,32.85,79.0
3286,32.86,79.0
3287,32.87,79.0
3288,32.88,79.0
3289,32.89,79.0
3290,32.9,79.0
3291,32.910000000000004,79.0
3292,32.92,79.0
3293,32.93,79.0
3294,32.94,79.0
3295,32.95,79.0
3296,32.96,79.0
3297,32.97,79.0
3298,32.980000000000004,79.0
3299,32.99,79.0
3300,33.0,79.0
3301,33.01,79.0
3302,33.02,79.0
3303,33.03,79.0
3304,33.04,79.0
3305,33.05,79.0
3306,33.06,79.0
3307,33.07,79.0
3308,33.08,79.0
3309,33.09,79.0
3310,33.1,79.0
3311,33.11,79.0
3312,33.12,79.0
3313,33.13,79.0
3314,33.14,79.0
3315,33.15,79.0
3316,33.160000000000004,79.0
3317,33.17,79.0
3318,33.18,79.0
3319,33.19,79.0
3320,33.2,79.0
3321,33.21,79.0
3322,33.22,79.0
3323,33.230000000000004,79.0
3324,33.24,79.0
3325,33.25,79.0
3326,33.26,79.0
3327,33.27,79.0
3328,33.28,79.0
3329,33.29,79.0
3330,33.3,79.0
3331,33.31,79.0
3332,33.32,79.0
3333,33.33,79.0
3334,33.34,79.0
3335,33.35,79.0
3336,33.36,79.0
3337,33.37,79.0
3338,33.38,79.0
3339,33.39,79.0
3340,33.4,79.0
3341,33.410000000000004,79.0
3342,33.42,79.0
3343,33.43,79.0
3344,33.44,79.0
3345,33.45,79.0
3346,33.46,79.0
